icon,source,resource_id,size
20th anniversary.png,"Apple Desktop Collection/20th anniversary/Icon",-16455,32x32
400 series.png,"Apple Desktop Collection/400 series/Icon",-16455,32x32
4400.png,"Apple Desktop Collection/4400/Icon",-16455,32x32
500 series.png,"Apple Desktop Collection/500 series/Icon",-16455,32x32
5000 series.png,"Apple Desktop Collection/5000 series/Icon",-16455,32x32
600_6000 Series.png,"Apple Desktop Collection/600:6000 Series/Icon",-16455,32x32
630.png,"Apple Desktop Collection/630/Icon",-16455,32x32
650_7100.png,"Apple Desktop Collection/650:7100/Icon",-16455,32x32
7200+series_G3 Desktop.png,"Apple Desktop Collection/7200+series:G3 Desktop/Icon",-16455,32x32
800_8000 series.png,"Apple Desktop Collection/800:8000 series/Icon",-16455,32x32
8600_9600.png,"Apple Desktop Collection/8600:9600/Icon",-16455,32x32
9000 series.png,"Apple Desktop Collection/9000 series/Icon",-16455,32x32
All-In-One.png,"Apple Desktop Collection/All-In-One/Icon",-16455,32x32
Classic.png,"Apple Desktop Collection/Classic/Icon",-16455,32x32
ColorClassic.png,"Apple Desktop Collection/ColorClassic/Icon",-16455,32x32
G3 miniTower.png,"Apple Desktop Collection/G3 miniTower/Icon",-16455,32x32
II series.png,"Apple Desktop Collection/II series/Icon",-16455,32x32
IIcx_ci.png,"Apple Desktop Collection/IIcx:ci/Icon",-16455,32x32
Lisa.png,"Apple Desktop Collection/Lisa/Icon",-16455,32x32
MacTV.png,"Apple Desktop Collection/MacTV/Icon",-16455,32x32
Original.png,"Apple Desktop Collection/Original/Icon",-16455,32x32
Performa_PowerMac 6000 series.png,"Apple Desktop Collection/Performa:PowerMac 6000 series/Icon",-16455,32x32
Quadra605.png,"Apple Desktop Collection/Quadra605/Icon",-16455,32x32
Quadra700.png,"Apple Desktop Collection/Quadra700/Icon",-16455,32x32
Quadra900.png,"Apple Desktop Collection/Quadra900/Icon",-16455,32x32
SE_SE30.png,"Apple Desktop Collection/SE:SE30/Icon",-16455,32x32
apple I.png,"Apple Desktop Collection/apple I/Icon",-16455,32x32
apple II.png,"Apple Desktop Collection/apple II/Icon",-16455,32x32
apple III.png,"Apple Desktop Collection/apple III/Icon",-16455,32x32
apple IIc.png,"Apple Desktop Collection/apple IIc/Icon",-16455,32x32
apple IIgs.png,"Apple Desktop Collection/apple IIgs/Icon",-16455,32x32
iMac.png,"Apple Desktop Collection/iMac/Icon",-16455,32x32
llsi.png,"Apple Desktop Collection/llsi/Icon",-16455,32x32
network server.png,"Apple Desktop Collection/network server/Icon",-16455,32x32
"""Wait"" Cursor.png","Apple Icon Garden/""Wait"" Cursor/Icon",-16455,32x32
Arrow Cursor.png,"Apple Icon Garden/Arrow Cursor/Icon",-16455,32x32
Clarus the DogCow.png,"Apple Icon Garden/Clarus the DogCow/Icon",-16455,32x32
Eraser.png,"Apple Icon Garden/Eraser/Icon",-16455,32x32
Hand Cursor.png,"Apple Icon Garden/Hand Cursor/Icon",-16455,32x32
Paint Brush.png,"Apple Icon Garden/Paint Brush/Icon",-16455,32x32
Paint Bucket.png,"Apple Icon Garden/Paint Bucket/Icon",-16455,32x32
Pencil.png,"Apple Icon Garden/Pencil/Icon",-16455,32x32
Arrakis Folder.png,"Arrakis/Arrakis Folder/Icon",-16455,32x32
Crysknife.png,"Arrakis/Crysknife/Icon",-16455,32x32
Ducal Signet Ring.png,"Arrakis/Ducal Signet Ring/Icon",-16455,32x32
Filmbook.png,"Arrakis/Filmbook/Icon",-16455,32x32
Fremkit.png,"Arrakis/Fremkit/Icon",-16455,32x32
GlowGlobe.png,"Arrakis/GlowGlobe/Icon",-16455,32x32
Guild Heighliner.png,"Arrakis/Guild Heighliner/Icon",-16455,32x32
Hunter-seeker.png,"Arrakis/Hunter-seeker/Icon",-16455,32x32
Maker Hooks.png,"Arrakis/Maker Hooks/Icon",-16455,32x32
Ornithopter.png,"Arrakis/Ornithopter/Icon",-16455,32x32
Riding a Worm.png,"Arrakis/Riding a Worm/Icon",-16455,32x32
Shai-Hulud.png,"Arrakis/Shai-Hulud/Icon",-16455,32x32
Shield Wall.png,"Arrakis/Shield Wall/Icon",-16455,32x32
Spice Harvester.png,"Arrakis/Spice Harvester/Icon",-16455,32x32
Spice!.png,"Arrakis/Spice!/Icon",-16455,32x32
Steersman's Tank.png,"Arrakis/Steersman's Tank/Icon",-16455,32x32
The Box.png,"Arrakis/The Box/Icon",-16455,32x32
Thumper.png,"Arrakis/Thumper/Icon",-16455,32x32
Water of Life.png,"Arrakis/Water of Life/Icon",-16455,32x32
Windtrap.png,"Arrakis/Windtrap/Icon",-16455,32x32
Yeuh's Dart.png,"Arrakis/Yeuh's Dart/Icon",-16455,32x32
Allotta Fagina.png,"Austin Powers ƒ/Austin Powers/Allotta Fagina/Icon",-16455,32x32
Austin Powers.png,"Austin Powers ƒ/Austin Powers/Austin Powers/Icon",-16455,32x32
Austin's Book.png,"Austin Powers ƒ/Austin Powers/Austin's Book/Icon",-16455,32x32
Austin's Car.png,"Austin Powers ƒ/Austin Powers/Austin's Car/Icon",-16455,32x32
Basil Exposition.png,"Austin Powers ƒ/Austin Powers/Basil Exposition/Icon",-16455,32x32
Big Boy.png,"Austin Powers ƒ/Austin Powers/Big Boy/Icon",-16455,32x32
Big Boy Bogie.png,"Austin Powers ƒ/Austin Powers/Big Boy Bogie/Icon",-16455,32x32
Bring My Overnight Bag.png,"Austin Powers ƒ/Austin Powers/Bring My Overnight Bag/Icon",-16455,32x32
British Folder.png,"Austin Powers ƒ/Austin Powers/British Folder/Icon",-16455,32x32
Burt Bacharach.png,"Austin Powers ƒ/Austin Powers/Burt Bacharach/Icon",-16455,32x32
Commander Gilmore.png,"Austin Powers ƒ/Austin Powers/Commander Gilmore/Icon",-16455,32x32
Dr Evil.png,"Austin Powers ƒ/Austin Powers/Dr Evil/Icon",-16455,32x32
Enlarger Pump.png,"Austin Powers ƒ/Austin Powers/Enlarger Pump/Icon",-16455,32x32
Evil Clean Suit.png,"Austin Powers ƒ/Austin Powers/Evil Clean Suit/Icon",-16455,32x32
Evil Control Panel.png,"Austin Powers ƒ/Austin Powers/Evil Control Panel/Icon",-16455,32x32
Evil Folder.png,"Austin Powers ƒ/Austin Powers/Evil Folder/Icon",-16455,32x32
Fembot.png,"Austin Powers ƒ/Austin Powers/Fembot/Icon",-16455,32x32
Floss.png,"Austin Powers ƒ/Austin Powers/Floss/Icon",-16455,32x32
Frau Farbissina.png,"Austin Powers ƒ/Austin Powers/Frau Farbissina/Icon",-16455,32x32
Frozen Bigglesworth.png,"Austin Powers ƒ/Austin Powers/Frozen Bigglesworth/Icon",-16455,32x32
Groovy Folder.png,"Austin Powers ƒ/Austin Powers/Groovy Folder/Icon",-16455,32x32
Hello Basil.png,"Austin Powers ƒ/Austin Powers/Hello Basil/Icon",-16455,32x32
Minature Factory Model.png,"Austin Powers ƒ/Austin Powers/Minature Factory Model/Icon",-16455,32x32
Mr Bigglesworth.png,"Austin Powers ƒ/Austin Powers/Mr Bigglesworth/Icon",-16455,32x32
Mrs Kensington.png,"Austin Powers ƒ/Austin Powers/Mrs Kensington/Icon",-16455,32x32
Mustafa.png,"Austin Powers ƒ/Austin Powers/Mustafa/Icon",-16455,32x32
Nice Rack.png,"Austin Powers ƒ/Austin Powers/Nice Rack/Icon",-16455,32x32
Number Two.png,"Austin Powers ƒ/Austin Powers/Number Two/Icon",-16455,32x32
Patty O'Brien.png,"Austin Powers ƒ/Austin Powers/Patty O'Brien/Icon",-16455,32x32
Radar Operator.png,"Austin Powers ƒ/Austin Powers/Radar Operator/Icon",-16455,32x32
Random Task.png,"Austin Powers ƒ/Austin Powers/Random Task/Icon",-16455,32x32
Scott Evil.png,"Austin Powers ƒ/Austin Powers/Scott Evil/Icon",-16455,32x32
Shoe Service.png,"Austin Powers ƒ/Austin Powers/Shoe Service/Icon",-16455,32x32
The Cart.png,"Austin Powers ƒ/Austin Powers/The Cart/Icon",-16455,32x32
The Vulcan.png,"Austin Powers ƒ/Austin Powers/The Vulcan/Icon",-16455,32x32
The Warhead.png,"Austin Powers ƒ/Austin Powers/The Warhead/Icon",-16455,32x32
Vanessa.png,"Austin Powers ƒ/Austin Powers/Vanessa/Icon",-16455,32x32
Vanessa in Gown.png,"Austin Powers ƒ/Austin Powers/Vanessa in Gown/Icon",-16455,32x32
Virtucon Logo.png,"Austin Powers ƒ/Austin Powers/Virtucon Logo/Icon",-16455,32x32
Warm Liquid Goo Phase.png,"Austin Powers ƒ/Austin Powers/Warm Liquid Goo Phase/Icon",-16455,32x32
Autobahn.png,"Computer World/Autobahn/Icon",-16455,32x32
Drum Machine.png,"Computer World/Drum Machine/Icon",-16455,32x32
Florian.png,"Computer World/Florian/Icon",-16455,32x32
Home Computer.png,"Computer World/Home Computer/Icon",-16455,32x32
Karl.png,"Computer World/Karl/Icon",-16455,32x32
Kone.png,"Computer World/Kone/Icon",-16455,32x32
Luton '97.png,"Computer World/Luton '97/Icon",-16455,32x32
ManMachine.png,"Computer World/ManMachine/Icon",-16455,32x32
Neon Florian.png,"Computer World/Neon Florian/Icon",-16455,32x32
Neon Ralf.png,"Computer World/Neon Ralf/Icon",-16455,32x32
Pocket Calculator.png,"Computer World/Pocket Calculator/Icon",-16455,32x32
Radio (Aktivität).png,"Computer World/Radio (Aktivität)/Icon",-16455,32x32
Ralf.png,"Computer World/Ralf/Icon",-16455,32x32
Robot 1.png,"Computer World/Robot 1/Icon",-16455,32x32
Robot 2.png,"Computer World/Robot 2/Icon",-16455,32x32
Robot 3.png,"Computer World/Robot 3/Icon",-16455,32x32
Robot 4.png,"Computer World/Robot 4/Icon",-16455,32x32
Synthesizer.png,"Computer World/Synthesizer/Icon",-16455,32x32
VW Beetle.png,"Computer World/VW Beetle/Icon",-16455,32x32
Wolfgang.png,"Computer World/Wolfgang/Icon",-16455,32x32
Alt Files.png,"Echelon ƒ/Echelon/Alt Files/Icon",-16455,32x32
Alt Fonts.png,"Echelon ƒ/Echelon/Alt Fonts/Icon",-16455,32x32
Alt Games.png,"Echelon ƒ/Echelon/Alt Games/Icon",-16455,32x32
Alt Graphs.png,"Echelon ƒ/Echelon/Alt Graphs/Icon",-16455,32x32
Alt In Box.png,"Echelon ƒ/Echelon/Alt In Box/Icon",-16455,32x32
Alt In Box 2.png,"Echelon ƒ/Echelon/Alt In Box 2/Icon",-16455,32x32
Alt In Box2.png,"Echelon ƒ/Echelon/Alt In Box2/Icon",-16455,32x32
Alt Iomega.png,"Echelon ƒ/Echelon/Alt Iomega/Icon",-16455,32x32
Alt Out Box.png,"Echelon ƒ/Echelon/Alt Out Box/Icon",-16455,32x32
Alt Out Box 2.png,"Echelon ƒ/Echelon/Alt Out Box 2/Icon",-16455,32x32
Alt Out Box2.png,"Echelon ƒ/Echelon/Alt Out Box2/Icon",-16455,32x32
Alt Sharing.png,"Echelon ƒ/Echelon/Alt Sharing/Icon",-16455,32x32
Apple.png,"Echelon ƒ/Echelon/Apple/Icon",-16455,32x32
Blank Doc.png,"Echelon ƒ/Echelon/Blank Doc/Icon",-16455,32x32
Blank Folder.png,"Echelon ƒ/Echelon/Blank Folder/Icon",-16455,32x32
Clipboard.png,"Echelon ƒ/Echelon/Clipboard/Icon",-16455,32x32
Control Panels.png,"Echelon ƒ/Echelon/Control Panels/Icon",-16455,32x32
Control Strip Mod.png,"Echelon ƒ/Echelon/Control Strip Mod/Icon",-16455,32x32
Data file.png,"Echelon ƒ/Echelon/Data file/Icon",-16455,32x32
Data file 2.png,"Echelon ƒ/Echelon/Data file 2/Icon",-16455,32x32
Data file 3.png,"Echelon ƒ/Echelon/Data file 3/Icon",-16455,32x32
Deep Blue.png,"Echelon ƒ/Echelon/Deep Blue/Icon",-16455,32x32
Disabled CP.png,"Echelon ƒ/Echelon/Disabled CP/Icon",-16455,32x32
Disabled Ext.png,"Echelon ƒ/Echelon/Disabled Ext/Icon",-16455,32x32
Disabled Start-Up.png,"Echelon ƒ/Echelon/Disabled Start-Up/Icon",-16455,32x32
Dozer.png,"Echelon ƒ/Echelon/Dozer/Icon",-16455,32x32
Extensions.png,"Echelon ƒ/Echelon/Extensions/Icon",-16455,32x32
Files Folder.png,"Echelon ƒ/Echelon/Files Folder/Icon",-16455,32x32
Finder.png,"Echelon ƒ/Echelon/Finder/Icon",-16455,32x32
Fonts Folder.png,"Echelon ƒ/Echelon/Fonts Folder/Icon",-16455,32x32
Games Folder.png,"Echelon ƒ/Echelon/Games Folder/Icon",-16455,32x32
Gen App.png,"Echelon ƒ/Echelon/Gen App/Icon",-16455,32x32
Gen Doc 2.png,"Echelon ƒ/Echelon/Gen Doc 2/Icon",-16455,32x32
Gen Doc 3.png,"Echelon ƒ/Echelon/Gen Doc 3/Icon",-16455,32x32
Gen Edition.png,"Echelon ƒ/Echelon/Gen Edition/Icon",-16455,32x32
Gen Stationary.png,"Echelon ƒ/Echelon/Gen Stationary/Icon",-16455,32x32
Generic Doc 1.png,"Echelon ƒ/Echelon/Generic Doc 1/Icon",-16455,32x32
Generic Ext.png,"Echelon ƒ/Echelon/Generic Ext/Icon",-16455,32x32
Graphs Folder.png,"Echelon ƒ/Echelon/Graphs Folder/Icon",-16455,32x32
In Box.png,"Echelon ƒ/Echelon/In Box/Icon",-16455,32x32
Iomega Folder.png,"Echelon ƒ/Echelon/Iomega Folder/Icon",-16455,32x32
Iron.png,"Echelon ƒ/Echelon/Iron/Icon",-16455,32x32
Krypton.png,"Echelon ƒ/Echelon/Krypton/Icon",-16455,32x32
Laser.png,"Echelon ƒ/Echelon/Laser/Icon",-16455,32x32
Launcher Items.png,"Echelon ƒ/Echelon/Launcher Items/Icon",-16455,32x32
Lilac.png,"Echelon ƒ/Echelon/Lilac/Icon",-16455,32x32
Locked.png,"Echelon ƒ/Echelon/Locked/Icon",-16455,32x32
Mac Man.png,"Echelon ƒ/Echelon/Mac Man/Icon",-16455,32x32
Mac Man 2.png,"Echelon ƒ/Echelon/Mac Man 2/Icon",-16455,32x32
Menu Items.png,"Echelon ƒ/Echelon/Menu Items/Icon",-16455,32x32
Multi Data.png,"Echelon ƒ/Echelon/Multi Data/Icon",-16455,32x32
Out Box.png,"Echelon ƒ/Echelon/Out Box/Icon",-16455,32x32
Prefs File.png,"Echelon ƒ/Echelon/Prefs File/Icon",-16455,32x32
Prefs Folder.png,"Echelon ƒ/Echelon/Prefs Folder/Icon",-16455,32x32
QT Movie.png,"Echelon ƒ/Echelon/QT Movie/Icon",-16455,32x32
QT Movie 2.png,"Echelon ƒ/Echelon/QT Movie 2/Icon",-16455,32x32
Rust.png,"Echelon ƒ/Echelon/Rust/Icon",-16455,32x32
Server.png,"Echelon ƒ/Echelon/Server/Icon",-16455,32x32
Sharing Folder.png,"Echelon ƒ/Echelon/Sharing Folder/Icon",-16455,32x32
Sounds Folder.png,"Echelon ƒ/Echelon/Sounds Folder/Icon",-16455,32x32
Start-Up Items.png,"Echelon ƒ/Echelon/Start-Up Items/Icon",-16455,32x32
Steel.png,"Echelon ƒ/Echelon/Steel/Icon",-16455,32x32
Sys Blue.png,"Echelon ƒ/Echelon/Sys Blue/Icon",-16455,32x32
System.png,"Echelon ƒ/Echelon/System/Icon",-16455,32x32
System Folder.png,"Echelon ƒ/Echelon/System Folder/Icon",-16455,32x32
Titanium.png,"Echelon ƒ/Echelon/Titanium/Icon",-16455,32x32
Tonka.png,"Echelon ƒ/Echelon/Tonka/Icon",-16455,32x32
Trash Empty.png,"Echelon ƒ/Echelon/Trash Empty/Icon",-16455,32x32
Trash Full.png,"Echelon ƒ/Echelon/Trash Full/Icon",-16455,32x32
Updates Folder.png,"Echelon ƒ/Echelon/Updates Folder/Icon",-16455,32x32
Utilities Folder.png,"Echelon ƒ/Echelon/Utilities Folder/Icon",-16455,32x32
WOPR.png,"Echelon ƒ/Echelon/WOPR/Icon",-16455,32x32
Alt In Box-2.png,"Echelon ƒ/Echelon8.5/Alt In Box/Icon",-16455,32x32
Alt In Box 2-2.png,"Echelon ƒ/Echelon8.5/Alt In Box 2/Icon",-16455,32x32
Alt In_Out Box.png,"Echelon ƒ/Echelon8.5/Alt In:Out Box/Icon",-16455,32x32
Alt Out Box-2.png,"Echelon ƒ/Echelon8.5/Alt Out Box/Icon",-16455,32x32
Alt Out Box 2-2.png,"Echelon ƒ/Echelon8.5/Alt Out Box 2/Icon",-16455,32x32
Alt Scroller.png,"Echelon ƒ/Echelon8.5/Alt Scroller/Icon",-16455,32x32
Appearance.png,"Echelon ƒ/Echelon8.5/Appearance/Icon",-16455,32x32
Apple Extras.png,"Echelon ƒ/Echelon8.5/Apple Extras/Icon",-16455,32x32
Apple Extras Alt.png,"Echelon ƒ/Echelon8.5/Apple Extras Alt/Icon",-16455,32x32
Apple Menu Items.png,"Echelon ƒ/Echelon8.5/Apple Menu Items/Icon",-16455,32x32
Application Support.png,"Echelon ƒ/Echelon8.5/Application Support/Icon",-16455,32x32
Applications.png,"Echelon ƒ/Echelon8.5/Applications/Icon",-16455,32x32
Applications Alt.png,"Echelon ƒ/Echelon8.5/Applications Alt/Icon",-16455,32x32
Assistants.png,"Echelon ƒ/Echelon8.5/Assistants/Icon",-16455,32x32
Blank Doc-2.png,"Echelon ƒ/Echelon8.5/Blank Doc/Icon",-16455,32x32
Blanks (open me).png,"Echelon ƒ/Echelon8.5/Blanks (open me)/Icon",-16455,32x32
Clipboard-2.png,"Echelon ƒ/Echelon8.5/Clipboard/Icon",-16455,32x32
ColorSynch Profiles.png,"Echelon ƒ/Echelon8.5/ColorSynch Profiles/Icon",-16455,32x32
Contextual Menu Items.png,"Echelon ƒ/Echelon8.5/Contextual Menu Items/Icon",-16455,32x32
Control P. Alt.png,"Echelon ƒ/Echelon8.5/Control P. Alt/Icon",-16455,32x32
Control P. Alt 2.png,"Echelon ƒ/Echelon8.5/Control P. Alt 2/Icon",-16455,32x32
Control Panels-2.png,"Echelon ƒ/Echelon8.5/Control Panels/Icon",-16455,32x32
Control Panels (Disabled).png,"Echelon ƒ/Echelon8.5/Control Panels (Disabled)/Icon",-16455,32x32
Control Strip Mod-2.png,"Echelon ƒ/Echelon8.5/Control Strip Mod/Icon",-16455,32x32
Control Strip Mod. Alt.png,"Echelon ƒ/Echelon8.5/Control Strip Mod. Alt/Icon",-16455,32x32
Echelon Scheme.png,"Echelon ƒ/Echelon8.5/Echelon Scheme/Icon",-16455,32x32
Extensions-2.png,"Echelon ƒ/Echelon8.5/Extensions/Icon",-16455,32x32
Extensions (Disabled).png,"Echelon ƒ/Echelon8.5/Extensions (Disabled)/Icon",-16455,32x32
Extensions Alt.png,"Echelon ƒ/Echelon8.5/Extensions Alt/Icon",-16455,32x32
Extensions Alt 2.png,"Echelon ƒ/Echelon8.5/Extensions Alt 2/Icon",-16455,32x32
Favorites.png,"Echelon ƒ/Echelon8.5/Favorites/Icon",-16455,32x32
Fonts.png,"Echelon ƒ/Echelon8.5/Fonts/Icon",-16455,32x32
Fonts (Disabled).png,"Echelon ƒ/Echelon8.5/Fonts (Disabled)/Icon",-16455,32x32
Generic Doc 1-2.png,"Echelon ƒ/Echelon8.5/Generic Doc 1/Icon",-16455,32x32
Generic Doc 2.png,"Echelon ƒ/Echelon8.5/Generic Doc 2/Icon",-16455,32x32
Generic Doc 3.png,"Echelon ƒ/Echelon8.5/Generic Doc 3/Icon",-16455,32x32
Generic Doc 4.png,"Echelon ƒ/Echelon8.5/Generic Doc 4/Icon",-16455,32x32
Hardware.png,"Echelon ƒ/Echelon8.5/Hardware/Icon",-16455,32x32
Help.png,"Echelon ƒ/Echelon8.5/Help/Icon",-16455,32x32
In Box-2.png,"Echelon ƒ/Echelon8.5/In Box/Icon",-16455,32x32
In Box 2.png,"Echelon ƒ/Echelon8.5/In Box 2/Icon",-16455,32x32
In_Out Box.png,"Echelon ƒ/Echelon8.5/In:Out Box/Icon",-16455,32x32
Internet.png,"Echelon ƒ/Echelon8.5/Internet/Icon",-16455,32x32
Launcher Items-2.png,"Echelon ƒ/Echelon8.5/Launcher Items/Icon",-16455,32x32
Locked-2.png,"Echelon ƒ/Echelon8.5/Locked/Icon",-16455,32x32
Out Box-2.png,"Echelon ƒ/Echelon8.5/Out Box/Icon",-16455,32x32
Out Box 2.png,"Echelon ƒ/Echelon8.5/Out Box 2/Icon",-16455,32x32
Picture Clipping 1.png,"Echelon ƒ/Echelon8.5/Picture Clipping 1/Icon",-16455,32x32
Picture Clipping 2.png,"Echelon ƒ/Echelon8.5/Picture Clipping 2/Icon",-16455,32x32
Picture Clipping 3.png,"Echelon ƒ/Echelon8.5/Picture Clipping 3/Icon",-16455,32x32
Picture Clipping 4.png,"Echelon ƒ/Echelon8.5/Picture Clipping 4/Icon",-16455,32x32
Preferences.png,"Echelon ƒ/Echelon8.5/Preferences/Icon",-16455,32x32
Preferences Alt.png,"Echelon ƒ/Echelon8.5/Preferences Alt/Icon",-16455,32x32
Previous System ƒ.png,"Echelon ƒ/Echelon8.5/Previous System ƒ/Icon",-16455,32x32
Print Monitor Docs.png,"Echelon ƒ/Echelon8.5/Print Monitor Docs/Icon",-16455,32x32
Read Me.png,"Echelon ƒ/Echelon8.5/Read Me/Icon",-16455,32x32
Scripting Additions.png,"Echelon ƒ/Echelon8.5/Scripting Additions/Icon",-16455,32x32
Scripts.png,"Echelon ƒ/Echelon8.5/Scripts/Icon",-16455,32x32
Scroller.png,"Echelon ƒ/Echelon8.5/Scroller/Icon",-16455,32x32
Shared ƒ.png,"Echelon ƒ/Echelon8.5/Shared ƒ/Icon",-16455,32x32
Sherlock Plug-Ins.png,"Echelon ƒ/Echelon8.5/Sherlock Plug-Ins/Icon",-16455,32x32
Software.png,"Echelon ƒ/Echelon8.5/Software/Icon",-16455,32x32
Software 2.png,"Echelon ƒ/Echelon8.5/Software 2/Icon",-16455,32x32
Start Up Items.png,"Echelon ƒ/Echelon8.5/Start Up Items/Icon",-16455,32x32
Start Up Items (Disabled).png,"Echelon ƒ/Echelon8.5/Start Up Items (Disabled)/Icon",-16455,32x32
System _ ROM.png,"Echelon ƒ/Echelon8.5/System : ROM/Icon",-16455,32x32
System ƒ.png,"Echelon ƒ/Echelon8.5/System ƒ/Icon",-16455,32x32
Text Clipping 1.png,"Echelon ƒ/Echelon8.5/Text Clipping 1/Icon",-16455,32x32
Text Clipping 2.png,"Echelon ƒ/Echelon8.5/Text Clipping 2/Icon",-16455,32x32
Text Clipping 3.png,"Echelon ƒ/Echelon8.5/Text Clipping 3/Icon",-16455,32x32
Text Clipping 4.png,"Echelon ƒ/Echelon8.5/Text Clipping 4/Icon",-16455,32x32
Text Encoding.png,"Echelon ƒ/Echelon8.5/Text Encoding/Icon",-16455,32x32
Text Encoding Alt.png,"Echelon ƒ/Echelon8.5/Text Encoding Alt/Icon",-16455,32x32
Trash (empty).png,"Echelon ƒ/Echelon8.5/Trash (empty)/Icon",-16455,32x32
Trash (full).png,"Echelon ƒ/Echelon8.5/Trash (full)/Icon",-16455,32x32
Voices.png,"Echelon ƒ/Echelon8.5/Voices/Icon",-16455,32x32
Aunt Gabby.png,"Farbles/Aunt Gabby/Icon",-16455,32x32
Cousin Marty.png,"Farbles/Cousin Marty/Icon",-16455,32x32
Cousin Vince.png,"Farbles/Cousin Vince/Icon",-16455,32x32
Cousin Wiggly.png,"Farbles/Cousin Wiggly/Icon",-16455,32x32
Havoc.png,"Farbles/Havoc/Icon",-16455,32x32
Home Sweet Home.png,"Farbles/Home Sweet Home/Icon",-16455,32x32
Hugo.png,"Farbles/Hugo/Icon",-16455,32x32
Jackie.png,"Farbles/Jackie/Icon",-16455,32x32
Mama Farble.png,"Farbles/Mama Farble/Icon",-16455,32x32
Papa Farble.png,"Farbles/Papa Farble/Icon",-16455,32x32
Simon the Neighbor.png,"Farbles/Simon the Neighbor/Icon",-16455,32x32
Spot.png,"Farbles/Spot/Icon",-16455,32x32
Uncle Gordo.png,"Farbles/Uncle Gordo/Icon",-16455,32x32
Aboriginal Folder.png,"Folder Collection/Aboriginal Folder/Icon",-16455,32x32
Barefoot Folder.png,"Folder Collection/Barefoot Folder/Icon",-16455,32x32
Bites Folder.png,"Folder Collection/Bites Folder/Icon",-16455,32x32
Blue Peel Folder.png,"Folder Collection/Blue Peel Folder/Icon",-16455,32x32
Blue Splat Folder.png,"Folder Collection/Blue Splat Folder/Icon",-16455,32x32
Briefs Folder.png,"Folder Collection/Briefs Folder/Icon",-16455,32x32
Buff Folder.png,"Folder Collection/Buff Folder/Icon",-16455,32x32
Camera Folder.png,"Folder Collection/Camera Folder/Icon",-16455,32x32
Cartella Italiana.png,"Folder Collection/Cartella Italiana/Icon",-16455,32x32
Check Folder.png,"Folder Collection/Check Folder/Icon",-16455,32x32
Christo Folder.png,"Folder Collection/Christo Folder/Icon",-16455,32x32
Construction Folder.png,"Folder Collection/Construction Folder/Icon",-16455,32x32
Cracked Folder.png,"Folder Collection/Cracked Folder/Icon",-16455,32x32
Damn Cat Folder.png,"Folder Collection/Damn Cat Folder/Icon",-16455,32x32
Dropped Folder.png,"Folder Collection/Dropped Folder/Icon",-16455,32x32
Eight Folder.png,"Folder Collection/Eight Folder/Icon",-16455,32x32
Flower Power Folder.png,"Folder Collection/Flower Power Folder/Icon",-16455,32x32
Games Folder-2.png,"Folder Collection/Games Folder/Icon",-16455,32x32
Green Peel Folder.png,"Folder Collection/Green Peel Folder/Icon",-16455,32x32
Green Splat Folder.png,"Folder Collection/Green Splat Folder/Icon",-16455,32x32
Happy Folder.png,"Folder Collection/Happy Folder/Icon",-16455,32x32
Hot Folder.png,"Folder Collection/Hot Folder/Icon",-16455,32x32
IconDropper v1.png,"Folder Collection/IconDropper v1/Icon",-16455,32x32
Important Folder.png,"Folder Collection/Important Folder/Icon",-16455,32x32
Impossible Missions Folder.png,"Folder Collection/Impossible Missions Folder/Icon",-16455,32x32
Incoming Folder.png,"Folder Collection/Incoming Folder/Icon",-16455,32x32
Infinite Folder.png,"Folder Collection/Infinite Folder/Icon",-16455,32x32
Info Folder.png,"Folder Collection/Info Folder/Icon",-16455,32x32
Jet Folder.png,"Folder Collection/Jet Folder/Icon",-16455,32x32
Leaky Folder.png,"Folder Collection/Leaky Folder/Icon",-16455,32x32
Locked Folder.png,"Folder Collection/Locked Folder/Icon",-16455,32x32
Maori Folder.png,"Folder Collection/Maori Folder/Icon",-16455,32x32
Melting Folder.png,"Folder Collection/Melting Folder/Icon",-16455,32x32
Messy Folder.png,"Folder Collection/Messy Folder/Icon",-16455,32x32
Money Folder.png,"Folder Collection/Money Folder/Icon",-16455,32x32
Music Folder.png,"Folder Collection/Music Folder/Icon",-16455,32x32
Nude Folder.png,"Folder Collection/Nude Folder/Icon",-16455,32x32
Open Folder.png,"Folder Collection/Open Folder/Icon",-16455,32x32
Outgoing Folder.png,"Folder Collection/Outgoing Folder/Icon",-16455,32x32
Purple Peel Folder.png,"Folder Collection/Purple Peel Folder/Icon",-16455,32x32
Purple Splat Folder.png,"Folder Collection/Purple Splat Folder/Icon",-16455,32x32
Questionable Folder.png,"Folder Collection/Questionable Folder/Icon",-16455,32x32
Recycle Folder.png,"Folder Collection/Recycle Folder/Icon",-16455,32x32
Red Peel Folder.png,"Folder Collection/Red Peel Folder/Icon",-16455,32x32
Red Splat Folder.png,"Folder Collection/Red Splat Folder/Icon",-16455,32x32
Ruler Folder.png,"Folder Collection/Ruler Folder/Icon",-16455,32x32
Slimy Folder.png,"Folder Collection/Slimy Folder/Icon",-16455,32x32
Smokin' Folder.png,"Folder Collection/Smokin' Folder/Icon",-16455,32x32
Splat Folder.png,"Folder Collection/Splat Folder/Icon",-16455,32x32
Steamy Folder.png,"Folder Collection/Steamy Folder/Icon",-16455,32x32
Stick Up Folder.png,"Folder Collection/Stick Up Folder/Icon",-16455,32x32
Subliminal Folder.png,"Folder Collection/Subliminal Folder/Icon",-16455,32x32
Time Folder.png,"Folder Collection/Time Folder/Icon",-16455,32x32
Unknown Folder.png,"Folder Collection/Unknown Folder/Icon",-16455,32x32
Valentine Folder.png,"Folder Collection/Valentine Folder/Icon",-16455,32x32
Waves Folder.png,"Folder Collection/Waves Folder/Icon",-16455,32x32
Wounded Folder.png,"Folder Collection/Wounded Folder/Icon",-16455,32x32
Yellow Peel Folder.png,"Folder Collection/Yellow Peel Folder/Icon",-16455,32x32
Yellow Splat Folder.png,"Folder Collection/Yellow Splat Folder/Icon",-16455,32x32
a furbo production.png,"Folder Collection/a furbo production/Icon",-16455,32x32
Cinema Display.png,"G4 v2/Cinema Display/Icon",-16455,32x32
Cinema Display On.png,"G4 v2/Cinema Display On/Icon",-16455,32x32
G4 Copland List View.png,"G4 v2/G4 Copland List View/Icon",-16455,32x32
G4 Lethal Weapon.png,"G4 v2/G4 Lethal Weapon/Icon",-16455,32x32
G4 Side List View.png,"G4 v2/G4 Side List View/Icon",-16455,32x32
Steve Jobs.png,"G4 v2/Steve Jobs/Icon",-16455,32x32
Studio Display 15.png,"G4 v2/Studio Display 15/Icon",-16455,32x32
Studio Display 15 On.png,"G4 v2/Studio Display 15 On/Icon",-16455,32x32
Studio Display 17.png,"G4 v2/Studio Display 17/Icon",-16455,32x32
Studio Display 17 On.png,"G4 v2/Studio Display 17 On/Icon",-16455,32x32
Studio Display 21.png,"G4 v2/Studio Display 21/Icon",-16455,32x32
Studio Display 21 On.png,"G4 v2/Studio Display 21 On/Icon",-16455,32x32
Supercomputer.png,"G4 v2/Supercomputer/Icon",-16455,32x32
Big Fire.png,"Giant Robo/Big Fire/Icon",-16455,32x32
Cervantes.png,"Giant Robo/Cervantes/Icon",-16455,32x32
Chief Chujo.png,"Giant Robo/Chief Chujo/Icon",-16455,32x32
Cho-Katsu Kome.png,"Giant Robo/Cho-Katsu Kome/Icon",-16455,32x32
Daisaku.png,"Giant Robo/Daisaku/Icon",-16455,32x32
Daisaku 2.png,"Giant Robo/Daisaku 2/Icon",-16455,32x32
Daisaku 3.png,"Giant Robo/Daisaku 3/Icon",-16455,32x32
Daisaku 4.png,"Giant Robo/Daisaku 4/Icon",-16455,32x32
Dr.png,"Giant Robo/Dr/Icon",-16455,32x32
Dr 2.png,"Giant Robo/Dr 2/Icon",-16455,32x32
Dr 3.png,"Giant Robo/Dr 3/Icon",-16455,32x32
Fitzcaral.png,"Giant Robo/Fitzcaral/Icon",-16455,32x32
GR2.png,"Giant Robo/GR2/Icon",-16455,32x32
Galuda.png,"Giant Robo/Galuda/Icon",-16455,32x32
Gana.png,"Giant Robo/Gana/Icon",-16455,32x32
Genya.png,"Giant Robo/Genya/Icon",-16455,32x32
Ginrei.png,"Giant Robo/Ginrei/Icon",-16455,32x32
Ginrei 2.png,"Giant Robo/Ginrei 2/Icon",-16455,32x32
Ginrei 3.png,"Giant Robo/Ginrei 3/Icon",-16455,32x32
Ginrei 4.png,"Giant Robo/Ginrei 4/Icon",-16455,32x32
Ginrei(disguise).png,"Giant Robo/Ginrei(disguise)/Icon",-16455,32x32
Go Sensei.png,"Giant Robo/Go Sensei/Icon",-16455,32x32
Goon 1.png,"Giant Robo/Goon 1/Icon",-16455,32x32
Goon 2.png,"Giant Robo/Goon 2/Icon",-16455,32x32
Hanzui.png,"Giant Robo/Hanzui/Icon",-16455,32x32
Ieki.png,"Giant Robo/Ieki/Icon",-16455,32x32
Issei.png,"Giant Robo/Issei/Icon",-16455,32x32
Ivan.png,"Giant Robo/Ivan/Icon",-16455,32x32
Ju-Jo-Ji.png,"Giant Robo/Ju-Jo-Ji/Icon",-16455,32x32
Kaei.png,"Giant Robo/Kaei/Icon",-16455,32x32
Kaichin.png,"Giant Robo/Kaichin/Icon",-16455,32x32
Kaiho.png,"Giant Robo/Kaiho/Icon",-16455,32x32
Ko-Enshaku.png,"Giant Robo/Ko-Enshaku/Icon",-16455,32x32
Koshin.png,"Giant Robo/Koshin/Icon",-16455,32x32
Lord Alberto.png,"Giant Robo/Lord Alberto/Icon",-16455,32x32
Murasame Kenji.png,"Giant Robo/Murasame Kenji/Icon",-16455,32x32
Neptune.png,"Giant Robo/Neptune/Icon",-16455,32x32
Orb.png,"Giant Robo/Orb/Icon",-16455,32x32
Q Boss.png,"Giant Robo/Q Boss/Icon",-16455,32x32
Red mask.png,"Giant Robo/Red mask/Icon",-16455,32x32
Robo 1.png,"Giant Robo/Robo 1/Icon",-16455,32x32
Robo 2.png,"Giant Robo/Robo 2/Icon",-16455,32x32
Robo 3.png,"Giant Robo/Robo 3/Icon",-16455,32x32
Robo+Daisaku.png,"Giant Robo/Robo+Daisaku/Icon",-16455,32x32
Roden.png,"Giant Robo/Roden/Icon",-16455,32x32
Sun-getsu.png,"Giant Robo/Sun-getsu/Icon",-16455,32x32
Sunny.png,"Giant Robo/Sunny/Icon",-16455,32x32
Taisou.png,"Giant Robo/Taisou/Icon",-16455,32x32
Tetsugyu.png,"Giant Robo/Tetsugyu/Icon",-16455,32x32
Uranus.png,"Giant Robo/Uranus/Icon",-16455,32x32
Yoshi.png,"Giant Robo/Yoshi/Icon",-16455,32x32
head piece.png,"Giant Robo/head piece/Icon",-16455,32x32
robo 10.png,"Giant Robo/robo 10/Icon",-16455,32x32
robo 11.png,"Giant Robo/robo 11/Icon",-16455,32x32
robo 12.png,"Giant Robo/robo 12/Icon",-16455,32x32
robo 13.png,"Giant Robo/robo 13/Icon",-16455,32x32
robo 14.png,"Giant Robo/robo 14/Icon",-16455,32x32
robo 15.png,"Giant Robo/robo 15/Icon",-16455,32x32
robo 16.png,"Giant Robo/robo 16/Icon",-16455,32x32
robo 17.png,"Giant Robo/robo 17/Icon",-16455,32x32
robo 18.png,"Giant Robo/robo 18/Icon",-16455,32x32
robo 19.png,"Giant Robo/robo 19/Icon",-16455,32x32
robo 5.png,"Giant Robo/robo 5/Icon",-16455,32x32
robo 6.png,"Giant Robo/robo 6/Icon",-16455,32x32
robo 7.png,"Giant Robo/robo 7/Icon",-16455,32x32
robo 8.png,"Giant Robo/robo 8/Icon",-16455,32x32
robo 9.png,"Giant Robo/robo 9/Icon",-16455,32x32
unknown 1.png,"Giant Robo/unknown 1/Icon",-16455,32x32
unknown 2.png,"Giant Robo/unknown 2/Icon",-16455,32x32
unknown 3.png,"Giant Robo/unknown 3/Icon",-16455,32x32
young Genya.png,"Giant Robo/young Genya/Icon",-16455,32x32
young Ginrei.png,"Giant Robo/young Ginrei/Icon",-16455,32x32
Batsignal month.png,"Halloween ƒ/Halloween 96/Batsignal month/Icon",-16455,32x32
CandyCorn 1.png,"Halloween ƒ/Halloween 96/CandyCorn 1/Icon",-16455,32x32
CandyCorn 2.png,"Halloween ƒ/Halloween 96/CandyCorn 2/Icon",-16455,32x32
Grim Reaper.png,"Halloween ƒ/Halloween 96/Grim Reaper/Icon",-16455,32x32
ghost 1.png,"Halloween ƒ/Halloween 96/ghost 1/Icon",-16455,32x32
ghost 2.png,"Halloween ƒ/Halloween 96/ghost 2/Icon",-16455,32x32
happy pumpkin.png,"Halloween ƒ/Halloween 96/happy pumpkin/Icon",-16455,32x32
haunted house.png,"Halloween ƒ/Halloween 96/haunted house/Icon",-16455,32x32
plain pumpkin.png,"Halloween ƒ/Halloween 96/plain pumpkin/Icon",-16455,32x32
skull.png,"Halloween ƒ/Halloween 96/skull/Icon",-16455,32x32
spider.png,"Halloween ƒ/Halloween 96/spider/Icon",-16455,32x32
tombstone 1.png,"Halloween ƒ/Halloween 96/tombstone 1/Icon",-16455,32x32
tombstone 2.png,"Halloween ƒ/Halloween 96/tombstone 2/Icon",-16455,32x32
witch hat.png,"Halloween ƒ/Halloween 96/witch hat/Icon",-16455,32x32
Boris.png,"Halloween ƒ/Halloween 99/Boris/Icon",-16455,32x32
Drac.png,"Halloween ƒ/Halloween 99/Drac/Icon",-16455,32x32
Frankie.png,"Halloween ƒ/Halloween 99/Frankie/Icon",-16455,32x32
Gill.png,"Halloween ƒ/Halloween 99/Gill/Icon",-16455,32x32
Lust for Graphite.png,"Halloween ƒ/Halloween 99/Lust for Graphite/Icon",-16455,32x32
Newton R.I.P..png,"Halloween ƒ/Halloween 99/Newton R.I.P./Icon",-16455,32x32
Scary OS.png,"Halloween ƒ/Halloween 99/Scary OS/Icon",-16455,32x32
The Boneyard.png,"Halloween ƒ/Halloween 99/The Boneyard/Icon",-16455,32x32
The Keep.png,"Halloween ƒ/Halloween 99/The Keep/Icon",-16455,32x32
The Mean Old Tree.png,"Halloween ƒ/Halloween 99/The Mean Old Tree/Icon",-16455,32x32
The Pumpkin Patch.png,"Halloween ƒ/Halloween 99/The Pumpkin Patch/Icon",-16455,32x32
The Strangler Walks....png,"Halloween ƒ/Halloween 99/The Strangler Walks.../Icon",-16455,32x32
Wolfie.png,"Halloween ƒ/Halloween 99/Wolfie/Icon",-16455,32x32
Yo Pumkin.png,"Halloween ƒ/Halloween 99/Yo Pumkin/Icon",-16455,32x32
candycorn.png,"Halloween ƒ/Halloween 99/candycorn/Icon",-16455,32x32
eyeball.png,"Halloween ƒ/Halloween 99/eyeball/Icon",-16455,32x32
ghost1.png,"Halloween ƒ/Halloween 99/ghost1/Icon",-16455,32x32
i this!.png,"Halloween ƒ/Halloween 99/i this!/Icon",-16455,32x32
macolantern.png,"Halloween ƒ/Halloween 99/macolantern/Icon",-16455,32x32
tombstone.png,"Halloween ƒ/Halloween 99/tombstone/Icon",-16455,32x32
"""Put them in the Iron Maiden!"".png","Haunted Castle/""Put them in the Iron Maiden!""/Icon",-16455,32x32
"""Put... the candle...png","Haunted Castle/""Put... the candle../Icon",-16455,32x32
"""There's a light...png","Haunted Castle/""There's a light../Icon",-16455,32x32
Daylight Digs.png,"Haunted Castle/Daylight Digs/Icon",-16455,32x32
Haunted Castle.png,"Haunted Castle/Haunted Castle/Icon",-16455,32x32
Seymour Bones.png,"Haunted Castle/Seymour Bones/Icon",-16455,32x32
The Belfry.png,"Haunted Castle/The Belfry/Icon",-16455,32x32
The Lab.png,"Haunted Castle/The Lab/Icon",-16455,32x32
The Slab.png,"Haunted Castle/The Slab/Icon",-16455,32x32
The Tower Ghost.png,"Haunted Castle/The Tower Ghost/Icon",-16455,32x32
Witches Brew.png,"Haunted Castle/Witches Brew/Icon",-16455,32x32
Bankers Lamp.png,"IconFactory Top 12/Bankers Lamp/Icon",-16455,32x32
Chuft-captain.png,"IconFactory Top 12/Chuft-captain/Icon",-16455,32x32
Darth Vader.png,"IconFactory Top 12/Darth Vader/Icon",-16455,32x32
Enterprise D.png,"IconFactory Top 12/Enterprise D/Icon",-16455,32x32
Gin Rei.png,"IconFactory Top 12/Gin Rei/Icon",-16455,32x32
Kidcon™ Robot.png,"IconFactory Top 12/Kidcon™ Robot/Icon",-16455,32x32
Kong's Stampede!.png,"IconFactory Top 12/Kong's Stampede!/Icon",-16455,32x32
Moving Van.png,"IconFactory Top 12/Moving Van/Icon",-16455,32x32
Original Mac.png,"IconFactory Top 12/Original Mac/Icon",-16455,32x32
Sojourner Rover.png,"IconFactory Top 12/Sojourner Rover/Icon",-16455,32x32
TA_Au-3055.png,"IconFactory Top 12/TA:Au-3055/Icon",-16455,32x32
Talos' House.png,"IconFactory Top 12/Talos' House/Icon",-16455,32x32
"""Doc"" Yukio Hattori.png","Iron Chef/""Doc"" Yukio Hattori/Icon",-16455,32x32
Banana Battle.png,"Iron Chef/Banana Battle/Icon",-16455,32x32
Bok Choy Battle.png,"Iron Chef/Bok Choy Battle/Icon",-16455,32x32
Broccoli Battle.png,"Iron Chef/Broccoli Battle/Icon",-16455,32x32
Chairman Takeshi Kaga.png,"Iron Chef/Chairman Takeshi Kaga/Icon",-16455,32x32
Chen Kenichi.png,"Iron Chef/Chen Kenichi/Icon",-16455,32x32
Cod Battle.png,"Iron Chef/Cod Battle/Icon",-16455,32x32
Egg Plant Battle.png,"Iron Chef/Egg Plant Battle/Icon",-16455,32x32
Foie Gras Battle.png,"Iron Chef/Foie Gras Battle/Icon",-16455,32x32
Fuzzy Rice Cooker.png,"Iron Chef/Fuzzy Rice Cooker/Icon",-16455,32x32
Hiroyuki Sakai.png,"Iron Chef/Hiroyuki Sakai/Icon",-16455,32x32
Ice Cream Maker.png,"Iron Chef/Ice Cream Maker/Icon",-16455,32x32
Kanji 1.png,"Iron Chef/Kanji 1/Icon",-16455,32x32
Kanji 2.png,"Iron Chef/Kanji 2/Icon",-16455,32x32
Kanji 3 - 's.png,"Iron Chef/Kanji 3 - 's/Icon",-16455,32x32
Kanji 4 - Iron.png,"Iron Chef/Kanji 4 - Iron/Icon",-16455,32x32
Kanji 5 - Man.png,"Iron Chef/Kanji 5 - Man/Icon",-16455,32x32
Kitchen Stadium Crest.png,"Iron Chef/Kitchen Stadium Crest/Icon",-16455,32x32
Konnyaku Battle.png,"Iron Chef/Konnyaku Battle/Icon",-16455,32x32
Masaharu Morimoto.png,"Iron Chef/Masaharu Morimoto/Icon",-16455,32x32
Masahiko Kobe.png,"Iron Chef/Masahiko Kobe/Icon",-16455,32x32
Onion Battle.png,"Iron Chef/Onion Battle/Icon",-16455,32x32
Oyster Battle.png,"Iron Chef/Oyster Battle/Icon",-16455,32x32
Post Kaga.png,"Iron Chef/Post Kaga/Icon",-16455,32x32
Potato Battle.png,"Iron Chef/Potato Battle/Icon",-16455,32x32
Pre Kaga.png,"Iron Chef/Pre Kaga/Icon",-16455,32x32
Red Snapper Battle.png,"Iron Chef/Red Snapper Battle/Icon",-16455,32x32
Shiitake Mushroom Battle.png,"Iron Chef/Shiitake Mushroom Battle/Icon",-16455,32x32
Tomato Battle.png,"Iron Chef/Tomato Battle/Icon",-16455,32x32
Truffle Battle.png,"Iron Chef/Truffle Battle/Icon",-16455,32x32
Watermelon Battle.png,"Iron Chef/Watermelon Battle/Icon",-16455,32x32
KR-Amazon (6).png,"Kamen Rider/KR-Amazon (6)/Icon",-16455,32x32
KR-Black (11).png,"Kamen Rider/KR-Black (11)/Icon",-16455,32x32
KR-Black RX (12).png,"Kamen Rider/KR-Black RX (12)/Icon",-16455,32x32
KR-J (15).png,"Kamen Rider/KR-J (15)/Icon",-16455,32x32
KR-Shinn (13).png,"Kamen Rider/KR-Shinn (13)/Icon",-16455,32x32
KR-Sky (8).png,"Kamen Rider/KR-Sky (8)/Icon",-16455,32x32
KR-Strong (7).png,"Kamen Rider/KR-Strong (7)/Icon",-16455,32x32
KR-Super (9).png,"Kamen Rider/KR-Super (9)/Icon",-16455,32x32
KR-V3.png,"Kamen Rider/KR-V3/Icon",-16455,32x32
KR-X (5).png,"Kamen Rider/KR-X (5)/Icon",-16455,32x32
KR-ZO (14).png,"Kamen Rider/KR-ZO (14)/Icon",-16455,32x32
KR-ZX (10).png,"Kamen Rider/KR-ZX (10)/Icon",-16455,32x32
Kamen Rider 1 (new).png,"Kamen Rider/Kamen Rider 1 (new)/Icon",-16455,32x32
Kamen Rider 1 (old).png,"Kamen Rider/Kamen Rider 1 (old)/Icon",-16455,32x32
Kamen Rider 2.png,"Kamen Rider/Kamen Rider 2/Icon",-16455,32x32
Riderman (4).png,"Kamen Rider/Riderman (4)/Icon",-16455,32x32
AFP Server.png,"Kidcons ƒ/Kidcon Alpine OS/AFP Server/Icon",-16455,32x32
Alpine Folder.png,"Kidcons ƒ/Kidcon Alpine OS/Alpine Folder/Icon",-16455,32x32
Alt Default Document.png,"Kidcons ƒ/Kidcon Alpine OS/Alt Default Document/Icon",-16455,32x32
Alt Favorites.png,"Kidcons ƒ/Kidcon Alpine OS/Alt Favorites/Icon",-16455,32x32
Alt File Server.png,"Kidcons ƒ/Kidcon Alpine OS/Alt File Server/Icon",-16455,32x32
Alt Hard Disk.png,"Kidcons ƒ/Kidcon Alpine OS/Alt Hard Disk/Icon",-16455,32x32
Alt Removable Media.png,"Kidcons ƒ/Kidcon Alpine OS/Alt Removable Media/Icon",-16455,32x32
Alt System Folder.png,"Kidcons ƒ/Kidcon Alpine OS/Alt System Folder/Icon",-16455,32x32
Appearances Folder.png,"Kidcons ƒ/Kidcon Alpine OS/Appearances Folder/Icon",-16455,32x32
Apple Extras Folder.png,"Kidcons ƒ/Kidcon Alpine OS/Apple Extras Folder/Icon",-16455,32x32
Apple Menu.png,"Kidcons ƒ/Kidcon Alpine OS/Apple Menu/Icon",-16455,32x32
Apple Menu Items Folder.png,"Kidcons ƒ/Kidcon Alpine OS/Apple Menu Items Folder/Icon",-16455,32x32
AppleShare URL.png,"Kidcons ƒ/Kidcon Alpine OS/AppleShare URL/Icon",-16455,32x32
AppleTalk URL.png,"Kidcons ƒ/Kidcon Alpine OS/AppleTalk URL/Icon",-16455,32x32
Application Support-2.png,"Kidcons ƒ/Kidcon Alpine OS/Application Support/Icon",-16455,32x32
Applications Folders.png,"Kidcons ƒ/Kidcon Alpine OS/Applications Folders/Icon",-16455,32x32
Assistants Folder.png,"Kidcons ƒ/Kidcon Alpine OS/Assistants Folder/Icon",-16455,32x32
CD.png,"Kidcons ƒ/Kidcon Alpine OS/CD/Icon",-16455,32x32
Clipboard-3.png,"Kidcons ƒ/Kidcon Alpine OS/Clipboard/Icon",-16455,32x32
ColorSync Profiles.png,"Kidcons ƒ/Kidcon Alpine OS/ColorSync Profiles/Icon",-16455,32x32
Contextual Menu Items-2.png,"Kidcons ƒ/Kidcon Alpine OS/Contextual Menu Items/Icon",-16455,32x32
Control Panels Folder.png,"Kidcons ƒ/Kidcon Alpine OS/Control Panels Folder/Icon",-16455,32x32
Control Strip Modules.png,"Kidcons ƒ/Kidcon Alpine OS/Control Strip Modules/Icon",-16455,32x32
Default Document.png,"Kidcons ƒ/Kidcon Alpine OS/Default Document/Icon",-16455,32x32
Default Folder.png,"Kidcons ƒ/Kidcon Alpine OS/Default Folder/Icon",-16455,32x32
Dis Control Panels Folder.png,"Kidcons ƒ/Kidcon Alpine OS/Dis Control Panels Folder/Icon",-16455,32x32
Dis Extensions Folder.png,"Kidcons ƒ/Kidcon Alpine OS/Dis Extensions Folder/Icon",-16455,32x32
Dis Startup _ Shutdown Items.png,"Kidcons ƒ/Kidcon Alpine OS/Dis Startup : Shutdown Items/Icon",-16455,32x32
Documents Folder.png,"Kidcons ƒ/Kidcon Alpine OS/Documents Folder/Icon",-16455,32x32
Drop Folder.png,"Kidcons ƒ/Kidcon Alpine OS/Drop Folder/Icon",-16455,32x32
Extensions Folder.png,"Kidcons ƒ/Kidcon Alpine OS/Extensions Folder/Icon",-16455,32x32
FTP Server.png,"Kidcons ƒ/Kidcon Alpine OS/FTP Server/Icon",-16455,32x32
FTP URL.png,"Kidcons ƒ/Kidcon Alpine OS/FTP URL/Icon",-16455,32x32
Favorites-2.png,"Kidcons ƒ/Kidcon Alpine OS/Favorites/Icon",-16455,32x32
File Server.png,"Kidcons ƒ/Kidcon Alpine OS/File Server/Icon",-16455,32x32
Finances Folder.png,"Kidcons ƒ/Kidcon Alpine OS/Finances Folder/Icon",-16455,32x32
Finder-2.png,"Kidcons ƒ/Kidcon Alpine OS/Finder/Icon",-16455,32x32
Floppy.png,"Kidcons ƒ/Kidcon Alpine OS/Floppy/Icon",-16455,32x32
Font File.png,"Kidcons ƒ/Kidcon Alpine OS/Font File/Icon",-16455,32x32
Font Suitcase.png,"Kidcons ƒ/Kidcon Alpine OS/Font Suitcase/Icon",-16455,32x32
Fonts Folder-2.png,"Kidcons ƒ/Kidcon Alpine OS/Fonts Folder/Icon",-16455,32x32
Games Folder-3.png,"Kidcons ƒ/Kidcon Alpine OS/Games Folder/Icon",-16455,32x32
Generic URL.png,"Kidcons ƒ/Kidcon Alpine OS/Generic URL/Icon",-16455,32x32
HTTP URL.png,"Kidcons ƒ/Kidcon Alpine OS/HTTP URL/Icon",-16455,32x32
Hard Disk.png,"Kidcons ƒ/Kidcon Alpine OS/Hard Disk/Icon",-16455,32x32
Help Folder.png,"Kidcons ƒ/Kidcon Alpine OS/Help Folder/Icon",-16455,32x32
Holiday Folder.png,"Kidcons ƒ/Kidcon Alpine OS/Holiday Folder/Icon",-16455,32x32
Home Folder.png,"Kidcons ƒ/Kidcon Alpine OS/Home Folder/Icon",-16455,32x32
IP Server.png,"Kidcons ƒ/Kidcon Alpine OS/IP Server/Icon",-16455,32x32
IconBuilder Folder.png,"Kidcons ƒ/Kidcon Alpine OS/IconBuilder Folder/Icon",-16455,32x32
Iconfactory Folder.png,"Kidcons ƒ/Kidcon Alpine OS/Iconfactory Folder/Icon",-16455,32x32
Internet Folder.png,"Kidcons ƒ/Kidcon Alpine OS/Internet Folder/Icon",-16455,32x32
Language & Region Support.png,"Kidcons ƒ/Kidcon Alpine OS/Language & Region Support/Icon",-16455,32x32
LimeWire Folder.png,"Kidcons ƒ/Kidcon Alpine OS/LimeWire Folder/Icon",-16455,32x32
Local File Address.png,"Kidcons ƒ/Kidcon Alpine OS/Local File Address/Icon",-16455,32x32
Music Folder-2.png,"Kidcons ƒ/Kidcon Alpine OS/Music Folder/Icon",-16455,32x32
News Server Address.png,"Kidcons ƒ/Kidcon Alpine OS/News Server Address/Icon",-16455,32x32
Open Folder-2.png,"Kidcons ƒ/Kidcon Alpine OS/Open Folder/Icon",-16455,32x32
Owned Folder.png,"Kidcons ƒ/Kidcon Alpine OS/Owned Folder/Icon",-16455,32x32
Packages Folder.png,"Kidcons ƒ/Kidcon Alpine OS/Packages Folder/Icon",-16455,32x32
Picture Clipping.png,"Kidcons ƒ/Kidcon Alpine OS/Picture Clipping/Icon",-16455,32x32
Preferences File.png,"Kidcons ƒ/Kidcon Alpine OS/Preferences File/Icon",-16455,32x32
Preferences Folder.png,"Kidcons ƒ/Kidcon Alpine OS/Preferences Folder/Icon",-16455,32x32
Print Monitor Documents.png,"Kidcons ƒ/Kidcon Alpine OS/Print Monitor Documents/Icon",-16455,32x32
Private Folder.png,"Kidcons ƒ/Kidcon Alpine OS/Private Folder/Icon",-16455,32x32
RAM Disk.png,"Kidcons ƒ/Kidcon Alpine OS/RAM Disk/Icon",-16455,32x32
Read Me Folder.png,"Kidcons ƒ/Kidcon Alpine OS/Read Me Folder/Icon",-16455,32x32
Recent Servers.png,"Kidcons ƒ/Kidcon Alpine OS/Recent Servers/Icon",-16455,32x32
Removable Media.png,"Kidcons ƒ/Kidcon Alpine OS/Removable Media/Icon",-16455,32x32
Scripting Additions-2.png,"Kidcons ƒ/Kidcon Alpine OS/Scripting Additions/Icon",-16455,32x32
Scripts Folder.png,"Kidcons ƒ/Kidcon Alpine OS/Scripts Folder/Icon",-16455,32x32
Search Folder.png,"Kidcons ƒ/Kidcon Alpine OS/Search Folder/Icon",-16455,32x32
Sound Clipping.png,"Kidcons ƒ/Kidcon Alpine OS/Sound Clipping/Icon",-16455,32x32
Sound File.png,"Kidcons ƒ/Kidcon Alpine OS/Sound File/Icon",-16455,32x32
Startup _ Shutdown Items.png,"Kidcons ƒ/Kidcon Alpine OS/Startup : Shutdown Items/Icon",-16455,32x32
System File.png,"Kidcons ƒ/Kidcon Alpine OS/System File/Icon",-16455,32x32
System Folder-2.png,"Kidcons ƒ/Kidcon Alpine OS/System Folder/Icon",-16455,32x32
Text Clipping.png,"Kidcons ƒ/Kidcon Alpine OS/Text Clipping/Icon",-16455,32x32
Text Clipping Alt.png,"Kidcons ƒ/Kidcon Alpine OS/Text Clipping Alt/Icon",-16455,32x32
Text Encodings.png,"Kidcons ƒ/Kidcon Alpine OS/Text Encodings/Icon",-16455,32x32
Trash Empty-2.png,"Kidcons ƒ/Kidcon Alpine OS/Trash Empty/Icon",-16455,32x32
Trash Full-2.png,"Kidcons ƒ/Kidcon Alpine OS/Trash Full/Icon",-16455,32x32
TrueType Font.png,"Kidcons ƒ/Kidcon Alpine OS/TrueType Font/Icon",-16455,32x32
Unknown Clipping.png,"Kidcons ƒ/Kidcon Alpine OS/Unknown Clipping/Icon",-16455,32x32
Utilities Folder-2.png,"Kidcons ƒ/Kidcon Alpine OS/Utilities Folder/Icon",-16455,32x32
Winter Folder.png,"Kidcons ƒ/Kidcon Alpine OS/Winter Folder/Icon",-16455,32x32
eMail Address.png,"Kidcons ƒ/Kidcon Alpine OS/eMail Address/Icon",-16455,32x32
eMail Folder.png,"Kidcons ƒ/Kidcon Alpine OS/eMail Folder/Icon",-16455,32x32
Angel.png,"Kidcons ƒ/Kidcon Holidays/Angel/Icon",-16455,32x32
Candle.png,"Kidcons ƒ/Kidcon Holidays/Candle/Icon",-16455,32x32
Candy Cane.png,"Kidcons ƒ/Kidcon Holidays/Candy Cane/Icon",-16455,32x32
Christmas Star.png,"Kidcons ƒ/Kidcon Holidays/Christmas Star/Icon",-16455,32x32
Dreidel.png,"Kidcons ƒ/Kidcon Holidays/Dreidel/Icon",-16455,32x32
Frosty.png,"Kidcons ƒ/Kidcon Holidays/Frosty/Icon",-16455,32x32
Menorah.png,"Kidcons ƒ/Kidcon Holidays/Menorah/Icon",-16455,32x32
Ornaments.png,"Kidcons ƒ/Kidcon Holidays/Ornaments/Icon",-16455,32x32
Presents.png,"Kidcons ƒ/Kidcon Holidays/Presents/Icon",-16455,32x32
Santa Claus.png,"Kidcons ƒ/Kidcon Holidays/Santa Claus/Icon",-16455,32x32
Star of David.png,"Kidcons ƒ/Kidcon Holidays/Star of David/Icon",-16455,32x32
Stocking.png,"Kidcons ƒ/Kidcon Holidays/Stocking/Icon",-16455,32x32
Tree.png,"Kidcons ƒ/Kidcon Holidays/Tree/Icon",-16455,32x32
Apple Menu Items-2.png,"Kidcons ƒ/Kidcon OS/Apple Menu Items/Icon",-16455,32x32
Applications-2.png,"Kidcons ƒ/Kidcon OS/Applications/Icon",-16455,32x32
Apps 2.png,"Kidcons ƒ/Kidcon OS/Apps 2/Icon",-16455,32x32
Comm Port.png,"Kidcons ƒ/Kidcon OS/Comm Port/Icon",-16455,32x32
Construct 2.png,"Kidcons ƒ/Kidcon OS/Construct 2/Icon",-16455,32x32
Construction.png,"Kidcons ƒ/Kidcon OS/Construction/Icon",-16455,32x32
Control Panels-3.png,"Kidcons ƒ/Kidcon OS/Control Panels/Icon",-16455,32x32
Control Strip Mod-3.png,"Kidcons ƒ/Kidcon OS/Control Strip Mod/Icon",-16455,32x32
Control Strip menu.png,"Kidcons ƒ/Kidcon OS/Control Strip menu/Icon",-16455,32x32
Drop ƒ.png,"Kidcons ƒ/Kidcon OS/Drop ƒ/Icon",-16455,32x32
Extensions ƒ.png,"Kidcons ƒ/Kidcon OS/Extensions ƒ/Icon",-16455,32x32
File 2.png,"Kidcons ƒ/Kidcon OS/File 2/Icon",-16455,32x32
File ƒ.png,"Kidcons ƒ/Kidcon OS/File ƒ/Icon",-16455,32x32
Font ƒ.png,"Kidcons ƒ/Kidcon OS/Font ƒ/Icon",-16455,32x32
Games 2.png,"Kidcons ƒ/Kidcon OS/Games 2/Icon",-16455,32x32
Games ƒ.png,"Kidcons ƒ/Kidcon OS/Games ƒ/Icon",-16455,32x32
Generic App.png,"Kidcons ƒ/Kidcon OS/Generic App/Icon",-16455,32x32
Generic Doc.png,"Kidcons ƒ/Kidcon OS/Generic Doc/Icon",-16455,32x32
Generic Extension.png,"Kidcons ƒ/Kidcon OS/Generic Extension/Icon",-16455,32x32
Generic Prefs.png,"Kidcons ƒ/Kidcon OS/Generic Prefs/Icon",-16455,32x32
Generic Stat.png,"Kidcons ƒ/Kidcon OS/Generic Stat/Icon",-16455,32x32
Generic edition.png,"Kidcons ƒ/Kidcon OS/Generic edition/Icon",-16455,32x32
Halloween ƒ.png,"Kidcons ƒ/Kidcon OS/Halloween ƒ/Icon",-16455,32x32
Icons ƒ.png,"Kidcons ƒ/Kidcon OS/Icons ƒ/Icon",-16455,32x32
In Box-3.png,"Kidcons ƒ/Kidcon OS/In Box/Icon",-16455,32x32
In box 2-2.png,"Kidcons ƒ/Kidcon OS/In box 2/Icon",-16455,32x32
Kid Mac Os.png,"Kidcons ƒ/Kidcon OS/Kid Mac Os/Icon",-16455,32x32
Locked ƒ.png,"Kidcons ƒ/Kidcon OS/Locked ƒ/Icon",-16455,32x32
Mounted ƒ.png,"Kidcons ƒ/Kidcon OS/Mounted ƒ/Icon",-16455,32x32
Owned ƒ.png,"Kidcons ƒ/Kidcon OS/Owned ƒ/Icon",-16455,32x32
Padlock 2.png,"Kidcons ƒ/Kidcon OS/Padlock 2/Icon",-16455,32x32
Padlock ƒ.png,"Kidcons ƒ/Kidcon OS/Padlock ƒ/Icon",-16455,32x32
Phone Port.png,"Kidcons ƒ/Kidcon OS/Phone Port/Icon",-16455,32x32
Preference ƒ.png,"Kidcons ƒ/Kidcon OS/Preference ƒ/Icon",-16455,32x32
Print monitor.png,"Kidcons ƒ/Kidcon OS/Print monitor/Icon",-16455,32x32
Printer Port.png,"Kidcons ƒ/Kidcon OS/Printer Port/Icon",-16455,32x32
QT movie-2.png,"Kidcons ƒ/Kidcon OS/QT movie/Icon",-16455,32x32
QuickTime ƒ.png,"Kidcons ƒ/Kidcon OS/QuickTime ƒ/Icon",-16455,32x32
Scroll ƒ.png,"Kidcons ƒ/Kidcon OS/Scroll ƒ/Icon",-16455,32x32
Server-2.png,"Kidcons ƒ/Kidcon OS/Server/Icon",-16455,32x32
Shared ƒ-2.png,"Kidcons ƒ/Kidcon OS/Shared ƒ/Icon",-16455,32x32
Sounds ƒ.png,"Kidcons ƒ/Kidcon OS/Sounds ƒ/Icon",-16455,32x32
Start-up items-2.png,"Kidcons ƒ/Kidcon OS/Start-up items/Icon",-16455,32x32
Stop ƒ.png,"Kidcons ƒ/Kidcon OS/Stop ƒ/Icon",-16455,32x32
System ƒ-2.png,"Kidcons ƒ/Kidcon OS/System ƒ/Icon",-16455,32x32
Tools 2.png,"Kidcons ƒ/Kidcon OS/Tools 2/Icon",-16455,32x32
Tools-Util.png,"Kidcons ƒ/Kidcon OS/Tools-Util/Icon",-16455,32x32
Trash Full-3.png,"Kidcons ƒ/Kidcon OS/Trash Full/Icon",-16455,32x32
Trash empty-3.png,"Kidcons ƒ/Kidcon OS/Trash empty/Icon",-16455,32x32
Triangle.png,"Kidcons ƒ/Kidcon OS/Triangle/Icon",-16455,32x32
WW Web.png,"Kidcons ƒ/Kidcon OS/WW Web/Icon",-16455,32x32
blank ƒ.png,"Kidcons ƒ/Kidcon OS/blank ƒ/Icon",-16455,32x32
icons 2.png,"Kidcons ƒ/Kidcon OS/icons 2/Icon",-16455,32x32
triangle 2.png,"Kidcons ƒ/Kidcon OS/triangle 2/Icon",-16455,32x32
web 2.png,"Kidcons ƒ/Kidcon OS/web 2/Icon",-16455,32x32
add.png,"Kidcons ƒ/Kidcons/add/Icon",-16455,32x32
airplane.png,"Kidcons ƒ/Kidcons/airplane/Icon",-16455,32x32
apple-2.png,"Kidcons ƒ/Kidcons/apple/Icon",-16455,32x32
aqua folder.png,"Kidcons ƒ/Kidcons/aqua folder/Icon",-16455,32x32
aqua heart.png,"Kidcons ƒ/Kidcons/aqua heart/Icon",-16455,32x32
aqua star.png,"Kidcons ƒ/Kidcons/aqua star/Icon",-16455,32x32
balloons.png,"Kidcons ƒ/Kidcons/balloons/Icon",-16455,32x32
band-aid.png,"Kidcons ƒ/Kidcons/band-aid/Icon",-16455,32x32
baseball glove.png,"Kidcons ƒ/Kidcons/baseball glove/Icon",-16455,32x32
big heart.png,"Kidcons ƒ/Kidcons/big heart/Icon",-16455,32x32
big pencil.png,"Kidcons ƒ/Kidcons/big pencil/Icon",-16455,32x32
blue empty.png,"Kidcons ƒ/Kidcons/blue empty/Icon",-16455,32x32
blue folder.png,"Kidcons ƒ/Kidcons/blue folder/Icon",-16455,32x32
blue full.png,"Kidcons ƒ/Kidcons/blue full/Icon",-16455,32x32
candy.png,"Kidcons ƒ/Kidcons/candy/Icon",-16455,32x32
divide.png,"Kidcons ƒ/Kidcons/divide/Icon",-16455,32x32
dog bone.png,"Kidcons ƒ/Kidcons/dog bone/Icon",-16455,32x32
doggie.png,"Kidcons ƒ/Kidcons/doggie/Icon",-16455,32x32
empty trash.png,"Kidcons ƒ/Kidcons/empty trash/Icon",-16455,32x32
fire plug.png,"Kidcons ƒ/Kidcons/fire plug/Icon",-16455,32x32
fishy.png,"Kidcons ƒ/Kidcons/fishy/Icon",-16455,32x32
full trash.png,"Kidcons ƒ/Kidcons/full trash/Icon",-16455,32x32
game pad.png,"Kidcons ƒ/Kidcons/game pad/Icon",-16455,32x32
green folder.png,"Kidcons ƒ/Kidcons/green folder/Icon",-16455,32x32
green star.png,"Kidcons ƒ/Kidcons/green star/Icon",-16455,32x32
grey folder.png,"Kidcons ƒ/Kidcons/grey folder/Icon",-16455,32x32
ice cream.png,"Kidcons ƒ/Kidcons/ice cream/Icon",-16455,32x32
lady bug.png,"Kidcons ƒ/Kidcons/lady bug/Icon",-16455,32x32
medicine.png,"Kidcons ƒ/Kidcons/medicine/Icon",-16455,32x32
moon.png,"Kidcons ƒ/Kidcons/moon/Icon",-16455,32x32
multiply.png,"Kidcons ƒ/Kidcons/multiply/Icon",-16455,32x32
my computer.png,"Kidcons ƒ/Kidcons/my computer/Icon",-16455,32x32
my dog's house.png,"Kidcons ƒ/Kidcons/my dog's house/Icon",-16455,32x32
my house.png,"Kidcons ƒ/Kidcons/my house/Icon",-16455,32x32
normal folder.png,"Kidcons ƒ/Kidcons/normal folder/Icon",-16455,32x32
note.png,"Kidcons ƒ/Kidcons/note/Icon",-16455,32x32
orange folder.png,"Kidcons ƒ/Kidcons/orange folder/Icon",-16455,32x32
paddle ball.png,"Kidcons ƒ/Kidcons/paddle ball/Icon",-16455,32x32
pale & shovel.png,"Kidcons ƒ/Kidcons/pale & shovel/Icon",-16455,32x32
pink folder.png,"Kidcons ƒ/Kidcons/pink folder/Icon",-16455,32x32
pink star.png,"Kidcons ƒ/Kidcons/pink star/Icon",-16455,32x32
popsicle.png,"Kidcons ƒ/Kidcons/popsicle/Icon",-16455,32x32
present.png,"Kidcons ƒ/Kidcons/present/Icon",-16455,32x32
purple empty.png,"Kidcons ƒ/Kidcons/purple empty/Icon",-16455,32x32
purple folder.png,"Kidcons ƒ/Kidcons/purple folder/Icon",-16455,32x32
purple full.png,"Kidcons ƒ/Kidcons/purple full/Icon",-16455,32x32
purple heart.png,"Kidcons ƒ/Kidcons/purple heart/Icon",-16455,32x32
purple star.png,"Kidcons ƒ/Kidcons/purple star/Icon",-16455,32x32
red empty.png,"Kidcons ƒ/Kidcons/red empty/Icon",-16455,32x32
red folder.png,"Kidcons ƒ/Kidcons/red folder/Icon",-16455,32x32
red full.png,"Kidcons ƒ/Kidcons/red full/Icon",-16455,32x32
red heart.png,"Kidcons ƒ/Kidcons/red heart/Icon",-16455,32x32
robot.png,"Kidcons ƒ/Kidcons/robot/Icon",-16455,32x32
sandcastle.png,"Kidcons ƒ/Kidcons/sandcastle/Icon",-16455,32x32
submarine.png,"Kidcons ƒ/Kidcons/submarine/Icon",-16455,32x32
subtract.png,"Kidcons ƒ/Kidcons/subtract/Icon",-16455,32x32
sun.png,"Kidcons ƒ/Kidcons/sun/Icon",-16455,32x32
traffic light.png,"Kidcons ƒ/Kidcons/traffic light/Icon",-16455,32x32
tree-2.png,"Kidcons ƒ/Kidcons/tree/Icon",-16455,32x32
ufo.png,"Kidcons ƒ/Kidcons/ufo/Icon",-16455,32x32
yellow empty.png,"Kidcons ƒ/Kidcons/yellow empty/Icon",-16455,32x32
yellow folder.png,"Kidcons ƒ/Kidcons/yellow folder/Icon",-16455,32x32
yellow full.png,"Kidcons ƒ/Kidcons/yellow full/Icon",-16455,32x32
yellow heart.png,"Kidcons ƒ/Kidcons/yellow heart/Icon",-16455,32x32
yellow star.png,"Kidcons ƒ/Kidcons/yellow star/Icon",-16455,32x32
Barn.png,"Kidcons ƒ/More Kidcons/Barn/Icon",-16455,32x32
Baseball Diamond.png,"Kidcons ƒ/More Kidcons/Baseball Diamond/Icon",-16455,32x32
Blue Book.png,"Kidcons ƒ/More Kidcons/Blue Book/Icon",-16455,32x32
Brown Book.png,"Kidcons ƒ/More Kidcons/Brown Book/Icon",-16455,32x32
Bubble Stuff.png,"Kidcons ƒ/More Kidcons/Bubble Stuff/Icon",-16455,32x32
Bumble Bee.png,"Kidcons ƒ/More Kidcons/Bumble Bee/Icon",-16455,32x32
Bunny.png,"Kidcons ƒ/More Kidcons/Bunny/Icon",-16455,32x32
Cat Toy.png,"Kidcons ƒ/More Kidcons/Cat Toy/Icon",-16455,32x32
Chalk Board.png,"Kidcons ƒ/More Kidcons/Chalk Board/Icon",-16455,32x32
Cheeseburger.png,"Kidcons ƒ/More Kidcons/Cheeseburger/Icon",-16455,32x32
Compass.png,"Kidcons ƒ/More Kidcons/Compass/Icon",-16455,32x32
Cookie Jar.png,"Kidcons ƒ/More Kidcons/Cookie Jar/Icon",-16455,32x32
Cupid's Arrow.png,"Kidcons ƒ/More Kidcons/Cupid's Arrow/Icon",-16455,32x32
Draw Four.png,"Kidcons ƒ/More Kidcons/Draw Four/Icon",-16455,32x32
Elmer's Glue.png,"Kidcons ƒ/More Kidcons/Elmer's Glue/Icon",-16455,32x32
Etch-a-sketch.png,"Kidcons ƒ/More Kidcons/Etch-a-sketch/Icon",-16455,32x32
Flower.png,"Kidcons ƒ/More Kidcons/Flower/Icon",-16455,32x32
Football.png,"Kidcons ƒ/More Kidcons/Football/Icon",-16455,32x32
Football Helmet.png,"Kidcons ƒ/More Kidcons/Football Helmet/Icon",-16455,32x32
Gingerbread Man.png,"Kidcons ƒ/More Kidcons/Gingerbread Man/Icon",-16455,32x32
Goldfish Bowl.png,"Kidcons ƒ/More Kidcons/Goldfish Bowl/Icon",-16455,32x32
Green book.png,"Kidcons ƒ/More Kidcons/Green book/Icon",-16455,32x32
Jack-O-Lantern.png,"Kidcons ƒ/More Kidcons/Jack-O-Lantern/Icon",-16455,32x32
Juice Box.png,"Kidcons ƒ/More Kidcons/Juice Box/Icon",-16455,32x32
Kitty.png,"Kidcons ƒ/More Kidcons/Kitty/Icon",-16455,32x32
Letter.png,"Kidcons ƒ/More Kidcons/Letter/Icon",-16455,32x32
Lucky Horseshoe.png,"Kidcons ƒ/More Kidcons/Lucky Horseshoe/Icon",-16455,32x32
Mailbox.png,"Kidcons ƒ/More Kidcons/Mailbox/Icon",-16455,32x32
Merlin.png,"Kidcons ƒ/More Kidcons/Merlin/Icon",-16455,32x32
Noah's Ark.png,"Kidcons ƒ/More Kidcons/Noah's Ark/Icon",-16455,32x32
Piggy Bank.png,"Kidcons ƒ/More Kidcons/Piggy Bank/Icon",-16455,32x32
Pilgram Hat.png,"Kidcons ƒ/More Kidcons/Pilgram Hat/Icon",-16455,32x32
Pink Book.png,"Kidcons ƒ/More Kidcons/Pink Book/Icon",-16455,32x32
Pot 'O Gold.png,"Kidcons ƒ/More Kidcons/Pot 'O Gold/Icon",-16455,32x32
Protractor.png,"Kidcons ƒ/More Kidcons/Protractor/Icon",-16455,32x32
Pyraminx.png,"Kidcons ƒ/More Kidcons/Pyraminx/Icon",-16455,32x32
Red Book.png,"Kidcons ƒ/More Kidcons/Red Book/Icon",-16455,32x32
Rubber Duckie.png,"Kidcons ƒ/More Kidcons/Rubber Duckie/Icon",-16455,32x32
Rubik's Cube.png,"Kidcons ƒ/More Kidcons/Rubik's Cube/Icon",-16455,32x32
Ruler.png,"Kidcons ƒ/More Kidcons/Ruler/Icon",-16455,32x32
Secret Potion.png,"Kidcons ƒ/More Kidcons/Secret Potion/Icon",-16455,32x32
Simon.png,"Kidcons ƒ/More Kidcons/Simon/Icon",-16455,32x32
Slice of Pizza.png,"Kidcons ƒ/More Kidcons/Slice of Pizza/Icon",-16455,32x32
Soccer Ball.png,"Kidcons ƒ/More Kidcons/Soccer Ball/Icon",-16455,32x32
Tennis Ball.png,"Kidcons ƒ/More Kidcons/Tennis Ball/Icon",-16455,32x32
Tonka Truck.png,"Kidcons ƒ/More Kidcons/Tonka Truck/Icon",-16455,32x32
Turkey.png,"Kidcons ƒ/More Kidcons/Turkey/Icon",-16455,32x32
Turtle.png,"Kidcons ƒ/More Kidcons/Turtle/Icon",-16455,32x32
Witch's Hat.png,"Kidcons ƒ/More Kidcons/Witch's Hat/Icon",-16455,32x32
Yummie Soup.png,"Kidcons ƒ/More Kidcons/Yummie Soup/Icon",-16455,32x32
Blarney Castle Alt ƒ.png,"Kidcons ƒ/St. Patty's Kidcons/Blarney Castle Alt ƒ/Icon",-16455,32x32
Blarney Castle ƒ.png,"Kidcons ƒ/St. Patty's Kidcons/Blarney Castle ƒ/Icon",-16455,32x32
Celtic Cross.png,"Kidcons ƒ/St. Patty's Kidcons/Celtic Cross/Icon",-16455,32x32
Friendship Symbol.png,"Kidcons ƒ/St. Patty's Kidcons/Friendship Symbol/Icon",-16455,32x32
Green Clover.png,"Kidcons ƒ/St. Patty's Kidcons/Green Clover/Icon",-16455,32x32
Leprechaun (full).png,"Kidcons ƒ/St. Patty's Kidcons/Leprechaun (full)/Icon",-16455,32x32
Leprechaun (head).png,"Kidcons ƒ/St. Patty's Kidcons/Leprechaun (head)/Icon",-16455,32x32
Leprechaun's Treasure.png,"Kidcons ƒ/St. Patty's Kidcons/Leprechaun's Treasure/Icon",-16455,32x32
Lucky Shamrock.png,"Kidcons ƒ/St. Patty's Kidcons/Lucky Shamrock/Icon",-16455,32x32
Mushrooms.png,"Kidcons ƒ/St. Patty's Kidcons/Mushrooms/Icon",-16455,32x32
Mythical Snake.png,"Kidcons ƒ/St. Patty's Kidcons/Mythical Snake/Icon",-16455,32x32
Shamrock Shake.png,"Kidcons ƒ/St. Patty's Kidcons/Shamrock Shake/Icon",-16455,32x32
St.png,"Kidcons ƒ/St. Patty's Kidcons/St/Icon",-16455,32x32
Wearing o' the Green.png,"Kidcons ƒ/St. Patty's Kidcons/Wearing o' the Green/Icon",-16455,32x32
"""Le Chiffre"".png","Literary 007/""Le Chiffre""/Icon",-16455,32x32
"""Tiger"" Tanaka.png","Literary 007/""Tiger"" Tanaka/Icon",-16455,32x32
007 Logo Icon.png,"Literary 007/007 Logo Icon/Icon",-16455,32x32
007 OS.png,"Literary 007/007 OS/Icon",-16455,32x32
Auric Goldfinger.png,"Literary 007/Auric Goldfinger/Icon",-16455,32x32
Blofeld.png,"Literary 007/Blofeld/Icon",-16455,32x32
Domino Vitali - Petacchi.png,"Literary 007/Domino Vitali - Petacchi/Icon",-16455,32x32
Dr Julius No.png,"Literary 007/Dr Julius No/Icon",-16455,32x32
Emilio Largo.png,"Literary 007/Emilio Largo/Icon",-16455,32x32
Felix Leiter.png,"Literary 007/Felix Leiter/Icon",-16455,32x32
Gala Brand.png,"Literary 007/Gala Brand/Icon",-16455,32x32
HMSS Folder.png,"Literary 007/HMSS Folder/Icon",-16455,32x32
HMSS Folder lock.png,"Literary 007/HMSS Folder lock/Icon",-16455,32x32
Honeychile Rider.png,"Literary 007/Honeychile Rider/Icon",-16455,32x32
Irma Bunt.png,"Literary 007/Irma Bunt/Icon",-16455,32x32
James.png,"Literary 007/James/Icon",-16455,32x32
Jill Masterson.png,"Literary 007/Jill Masterson/Icon",-16455,32x32
Kissy Suzuki.png,"Literary 007/Kissy Suzuki/Icon",-16455,32x32
M.png,"Literary 007/M/Icon",-16455,32x32
Miss Moneypenny.png,"Literary 007/Miss Moneypenny/Icon",-16455,32x32
Mr. Big.png,"Literary 007/Mr. Big/Icon",-16455,32x32
Oddjob.png,"Literary 007/Oddjob/Icon",-16455,32x32
Plain Folder.png,"Literary 007/Plain Folder/Icon",-16455,32x32
Plain Folder lock.png,"Literary 007/Plain Folder lock/Icon",-16455,32x32
Q.png,"Literary 007/Q/Icon",-16455,32x32
Quarrel.png,"Literary 007/Quarrel/Icon",-16455,32x32
René Mathis.png,"Literary 007/René Mathis/Icon",-16455,32x32
Shatterhand (Blofeld).png,"Literary 007/Shatterhand (Blofeld)/Icon",-16455,32x32
Sir Hugo Drax.png,"Literary 007/Sir Hugo Drax/Icon",-16455,32x32
Solitaire.png,"Literary 007/Solitaire/Icon",-16455,32x32
Spy Doc.png,"Literary 007/Spy Doc/Icon",-16455,32x32
Spy Doc with Camera.png,"Literary 007/Spy Doc with Camera/Icon",-16455,32x32
Tiffany Case.png,"Literary 007/Tiffany Case/Icon",-16455,32x32
Tracy di Vincenzo.png,"Literary 007/Tracy di Vincenzo/Icon",-16455,32x32
Vesper Lynd.png,"Literary 007/Vesper Lynd/Icon",-16455,32x32
Walther PPK.png,"Literary 007/Walther PPK/Icon",-16455,32x32
Looney Tunes.png,"Looney Tunes/Icon",-16455,32x32
Announcer.png,"Looney Tunes/Announcer/Icon",-16455,32x32
Arab Sam.png,"Looney Tunes/Arab Sam/Icon",-16455,32x32
Atsa-mada?.png,"Looney Tunes/Atsa-mada?/Icon",-16455,32x32
Baby Mouse.png,"Looney Tunes/Baby Mouse/Icon",-16455,32x32
Bird's Any.png,"Looney Tunes/Bird's Any/Icon",-16455,32x32
Bugs Bunny.png,"Looney Tunes/Bugs Bunny/Icon",-16455,32x32
Butch.png,"Looney Tunes/Butch/Icon",-16455,32x32
Crusher.png,"Looney Tunes/Crusher/Icon",-16455,32x32
Daffy Duck.png,"Looney Tunes/Daffy Duck/Icon",-16455,32x32
Daffy Hood.png,"Looney Tunes/Daffy Hood/Icon",-16455,32x32
Dragon.png,"Looney Tunes/Dragon/Icon",-16455,32x32
Drowned Cat.png,"Looney Tunes/Drowned Cat/Icon",-16455,32x32
Duck Dodgers.png,"Looney Tunes/Duck Dodgers/Icon",-16455,32x32
Duck Season!.png,"Looney Tunes/Duck Season!/Icon",-16455,32x32
Elmer Fudd.png,"Looney Tunes/Elmer Fudd/Icon",-16455,32x32
Eye Doc.png,"Looney Tunes/Eye Doc/Icon",-16455,32x32
Foghorn Leghorn.png,"Looney Tunes/Foghorn Leghorn/Icon",-16455,32x32
Folder.png,"Looney Tunes/Folder/Icon",-16455,32x32
French Guard.png,"Looney Tunes/French Guard/Icon",-16455,32x32
Friar Porkey.png,"Looney Tunes/Friar Porkey/Icon",-16455,32x32
General.png,"Looney Tunes/General/Icon",-16455,32x32
Gossimer.png,"Looney Tunes/Gossimer/Icon",-16455,32x32
Junior.png,"Looney Tunes/Junior/Icon",-16455,32x32
Little John.png,"Looney Tunes/Little John/Icon",-16455,32x32
Madador Bugs.png,"Looney Tunes/Madador Bugs/Icon",-16455,32x32
Makeup!.png,"Looney Tunes/Makeup!/Icon",-16455,32x32
Marsian.png,"Looney Tunes/Marsian/Icon",-16455,32x32
Marvin.png,"Looney Tunes/Marvin/Icon",-16455,32x32
Nin-cow-poop.png,"Looney Tunes/Nin-cow-poop/Icon",-16455,32x32
Nobleman.png,"Looney Tunes/Nobleman/Icon",-16455,32x32
Opera Elmer.png,"Looney Tunes/Opera Elmer/Icon",-16455,32x32
Penguin.png,"Looney Tunes/Penguin/Icon",-16455,32x32
Pepe le Pu.png,"Looney Tunes/Pepe le Pu/Icon",-16455,32x32
Private Bugs.png,"Looney Tunes/Private Bugs/Icon",-16455,32x32
Ravishing Rono.png,"Looney Tunes/Ravishing Rono/Icon",-16455,32x32
Roadrunner.png,"Looney Tunes/Roadrunner/Icon",-16455,32x32
Rocky.png,"Looney Tunes/Rocky/Icon",-16455,32x32
Sam.png,"Looney Tunes/Sam/Icon",-16455,32x32
Sheriff.png,"Looney Tunes/Sheriff/Icon",-16455,32x32
Shoe Elf.png,"Looney Tunes/Shoe Elf/Icon",-16455,32x32
Space Foreman.png,"Looney Tunes/Space Foreman/Icon",-16455,32x32
Speedy Gonzalez.png,"Looney Tunes/Speedy Gonzalez/Icon",-16455,32x32
Stork.png,"Looney Tunes/Stork/Icon",-16455,32x32
Sylvester.png,"Looney Tunes/Sylvester/Icon",-16455,32x32
Taz.png,"Looney Tunes/Taz/Icon",-16455,32x32
The Nose.png,"Looney Tunes/The Nose/Icon",-16455,32x32
Tweety.png,"Looney Tunes/Tweety/Icon",-16455,32x32
Widow Hen.png,"Looney Tunes/Widow Hen/Icon",-16455,32x32
Wile E. Coyote.png,"Looney Tunes/Wile E. Coyote/Icon",-16455,32x32
Yosemite Sam.png,"Looney Tunes/Yosemite Sam/Icon",-16455,32x32
huh? Elmer.png,"Looney Tunes/huh? Elmer/Icon",-16455,32x32
Alex Sector.png,"M.A.S.K./Alex Sector/Icon",-16455,32x32
Aura.png,"M.A.S.K./Aura/Icon",-16455,32x32
Backlash.png,"M.A.S.K./Backlash/Icon",-16455,32x32
Blaster.png,"M.A.S.K./Blaster/Icon",-16455,32x32
Brad Turner.png,"M.A.S.K./Brad Turner/Icon",-16455,32x32
Bruce Sato.png,"M.A.S.K./Bruce Sato/Icon",-16455,32x32
Buddy Hawkes.png,"M.A.S.K./Buddy Hawkes/Icon",-16455,32x32
Cliff Dagger.png,"M.A.S.K./Cliff Dagger/Icon",-16455,32x32
Dusty Hayes.png,"M.A.S.K./Dusty Hayes/Icon",-16455,32x32
Gloria Baker.png,"M.A.S.K./Gloria Baker/Icon",-16455,32x32
Hocus Pocus.png,"M.A.S.K./Hocus Pocus/Icon",-16455,32x32
Hondo MacLean.png,"M.A.S.K./Hondo MacLean/Icon",-16455,32x32
Jackrabbit.png,"M.A.S.K./Jackrabbit/Icon",-16455,32x32
Lifter.png,"M.A.S.K./Lifter/Icon",-16455,32x32
Matt Tracker.png,"M.A.S.K./Matt Tracker/Icon",-16455,32x32
Matt Tracker 2.png,"M.A.S.K./Matt Tracker 2/Icon",-16455,32x32
Miles  Mayhem.png,"M.A.S.K./Miles  Mayhem/Icon",-16455,32x32
Penatrator.png,"M.A.S.K./Penatrator/Icon",-16455,32x32
Scott Tracker.png,"M.A.S.K./Scott Tracker/Icon",-16455,32x32
Sly Rax.png,"M.A.S.K./Sly Rax/Icon",-16455,32x32
Spectrum.png,"M.A.S.K./Spectrum/Icon",-16455,32x32
Stiletto.png,"M.A.S.K./Stiletto/Icon",-16455,32x32
T-Bob.png,"M.A.S.K./T-Bob/Icon",-16455,32x32
Torche.png,"M.A.S.K./Torche/Icon",-16455,32x32
Vanessa Warfield.png,"M.A.S.K./Vanessa Warfield/Icon",-16455,32x32
Viper.png,"M.A.S.K./Viper/Icon",-16455,32x32
Whip.png,"M.A.S.K./Whip/Icon",-16455,32x32
Apple Studio Display 15 off.png,"MW Expo ƒ/Expo99/Apple Studio Display 15 off/Icon",-16455,32x32
Apple Studio Display 15 on.png,"MW Expo ƒ/Expo99/Apple Studio Display 15 on/Icon",-16455,32x32
Apple Studio Display 17 off.png,"MW Expo ƒ/Expo99/Apple Studio Display 17 off/Icon",-16455,32x32
Apple Studio Display 17 on.png,"MW Expo ƒ/Expo99/Apple Studio Display 17 on/Icon",-16455,32x32
Apple Studio Display 21.png,"MW Expo ƒ/Expo99/Apple Studio Display 21/Icon",-16455,32x32
Apple Studio Display 21 on.png,"MW Expo ƒ/Expo99/Apple Studio Display 21 on/Icon",-16455,32x32
HAL 9000.png,"MW Expo ƒ/Expo99/HAL 9000/Icon",-16455,32x32
HAL 9000 Eye.png,"MW Expo ƒ/Expo99/HAL 9000 Eye/Icon",-16455,32x32
Yosemite G3.png,"MW Expo ƒ/Expo99/Yosemite G3/Icon",-16455,32x32
iMac Blueberry 32.png,"MW Expo ƒ/Expo99/iMac Blueberry 32/Icon",-16455,32x32
iMac Blueberry 32 off.png,"MW Expo ƒ/Expo99/iMac Blueberry 32 off/Icon",-16455,32x32
iMac Grape 32.png,"MW Expo ƒ/Expo99/iMac Grape 32/Icon",-16455,32x32
iMac Grape 32 off.png,"MW Expo ƒ/Expo99/iMac Grape 32 off/Icon",-16455,32x32
iMac Lime 32.png,"MW Expo ƒ/Expo99/iMac Lime 32/Icon",-16455,32x32
iMac Lime 32 off.png,"MW Expo ƒ/Expo99/iMac Lime 32 off/Icon",-16455,32x32
iMac Strawberry 32.png,"MW Expo ƒ/Expo99/iMac Strawberry 32/Icon",-16455,32x32
iMac Strawberry 32 off.png,"MW Expo ƒ/Expo99/iMac Strawberry 32 off/Icon",-16455,32x32
iMac Tangerine 32.png,"MW Expo ƒ/Expo99/iMac Tangerine 32/Icon",-16455,32x32
iMac Tangerine 32 off.png,"MW Expo ƒ/Expo99/iMac Tangerine 32 off/Icon",-16455,32x32
Canon Elura.png,"MW Expo ƒ/Summer Expo 1999/Canon Elura/Icon",-16455,32x32
EPSON 740i Blueberry.png,"MW Expo ƒ/Summer Expo 1999/EPSON 740i Blueberry/Icon",-16455,32x32
EPSON 740i Grape.png,"MW Expo ƒ/Summer Expo 1999/EPSON 740i Grape/Icon",-16455,32x32
EPSON 740i Lime.png,"MW Expo ƒ/Summer Expo 1999/EPSON 740i Lime/Icon",-16455,32x32
EPSON 740i Strawberry.png,"MW Expo ƒ/Summer Expo 1999/EPSON 740i Strawberry/Icon",-16455,32x32
EPSON 740i Tangerine.png,"MW Expo ƒ/Summer Expo 1999/EPSON 740i Tangerine/Icon",-16455,32x32
Expo Steve Jobs.png,"MW Expo ƒ/Summer Expo 1999/Expo Steve Jobs/Icon",-16455,32x32
Lombard 32.png,"MW Expo ƒ/Summer Expo 1999/Lombard 32/Icon",-16455,32x32
Quicktime 4 Player.png,"MW Expo ƒ/Summer Expo 1999/Quicktime 4 Player/Icon",-16455,32x32
Steve Jobs-2.png,"MW Expo ƒ/Summer Expo 1999/Steve Jobs  /Icon",-16455,32x32
Tektronix Phaser 840 DE.png,"MW Expo ƒ/Summer Expo 1999/Tektronix Phaser 840 DE/Icon",-16455,32x32
VST FW1260.png,"MW Expo ƒ/Summer Expo 1999/VST FW1260/Icon",-16455,32x32
iBook Blueberry.png,"MW Expo ƒ/Summer Expo 1999/iBook Blueberry/Icon",-16455,32x32
iBook Blueberry_handle.png,"MW Expo ƒ/Summer Expo 1999/iBook Blueberry:handle/Icon",-16455,32x32
iBook Blueberry_off.png,"MW Expo ƒ/Summer Expo 1999/iBook Blueberry:off/Icon",-16455,32x32
iBook Blueberry_on.png,"MW Expo ƒ/Summer Expo 1999/iBook Blueberry:on/Icon",-16455,32x32
iBook Tangerine.png,"MW Expo ƒ/Summer Expo 1999/iBook Tangerine/Icon",-16455,32x32
iBook Tangerine_handle.png,"MW Expo ƒ/Summer Expo 1999/iBook Tangerine:handle/Icon",-16455,32x32
iBook Tangerine_off.png,"MW Expo ƒ/Summer Expo 1999/iBook Tangerine:off/Icon",-16455,32x32
iBook Tangerine_on.png,"MW Expo ƒ/Summer Expo 1999/iBook Tangerine:on/Icon",-16455,32x32
iSee Blueberry.png,"MW Expo ƒ/Summer Expo 1999/iSee Blueberry/Icon",-16455,32x32
iSee Grape.png,"MW Expo ƒ/Summer Expo 1999/iSee Grape/Icon",-16455,32x32
iSee Lime.png,"MW Expo ƒ/Summer Expo 1999/iSee Lime/Icon",-16455,32x32
iSee Strawberry.png,"MW Expo ƒ/Summer Expo 1999/iSee Strawberry/Icon",-16455,32x32
iSee Tangerine.png,"MW Expo ƒ/Summer Expo 1999/iSee Tangerine/Icon",-16455,32x32
iSee USB Cam.png,"MW Expo ƒ/Summer Expo 1999/iSee USB Cam/Icon",-16455,32x32
G4 Cube 1.png,"MW Expo ƒ/Summer Expo 2000/G4 Cube 1/Icon",-16455,128x128
G4 Cube 2.png,"MW Expo ƒ/Summer Expo 2000/G4 Cube 2/Icon",-16455,128x128
Snow 2 256.png,"MW Expo ƒ/Summer Expo 2000/Snow 2 256/Icon",-16455,32x32
Snow 2 32.png,"MW Expo ƒ/Summer Expo 2000/Snow 2 32/Icon",-16455,32x32
Snow 256.png,"MW Expo ƒ/Summer Expo 2000/Snow 256/Icon",-16455,32x32
Snow Left Side_256.png,"MW Expo ƒ/Summer Expo 2000/Snow Left Side:256/Icon",-16455,32x32
Snow Right Side_256.png,"MW Expo ƒ/Summer Expo 2000/Snow Right Side:256/Icon",-16455,32x32
MacQuarium.png,"MacQuarium/Icon",-16455,128x128
Bowl.png,"MacQuarium/Bowl/Icon",-16455,32x32
Caught a diskette.png,"MacQuarium/Caught a diskette/Icon",-16455,32x32
Contextual Discus.png,"MacQuarium/Contextual Discus/Icon",-16455,32x32
Control Strip Shark.png,"MacQuarium/Control Strip Shark/Icon",-16455,32x32
Desktop Guppy.png,"MacQuarium/Desktop Guppy/Icon",-16455,32x32
Discus Extension.png,"MacQuarium/Discus Extension/Icon",-16455,32x32
Disk Utility Fighting Fish.png,"MacQuarium/Disk Utility Fighting Fish/Icon",-16455,32x32
Fish net.png,"MacQuarium/Fish net/Icon",-16455,32x32
Floppy in puddle.png,"MacQuarium/Floppy in puddle/Icon",-16455,32x32
Food for Thought.png,"MacQuarium/Food for Thought/Icon",-16455,32x32
Fragmented Neon Tetras.png,"MacQuarium/Fragmented Neon Tetras/Icon",-16455,32x32
G4 PowerMac.png,"MacQuarium/G4 PowerMac/Icon",-16455,32x32
G4 PowerQuarium.png,"MacQuarium/G4 PowerQuarium/Icon",-16455,32x32
Goldfish 1.png,"MacQuarium/Goldfish 1/Icon",-16455,32x32
Goldfish 2.png,"MacQuarium/Goldfish 2/Icon",-16455,32x32
Goldfish 3.png,"MacQuarium/Goldfish 3/Icon",-16455,32x32
Graphite iMac.png,"MacQuarium/Graphite iMac/Icon",-16455,32x32
Graphite iQuarium.png,"MacQuarium/Graphite iQuarium/Icon",-16455,32x32
Harlequin Preferences.png,"MacQuarium/Harlequin Preferences/Icon",-16455,32x32
Indigo iMac.png,"MacQuarium/Indigo iMac/Icon",-16455,32x32
Indigo iQuarium.png,"MacQuarium/Indigo iQuarium/Icon",-16455,32x32
Interface Guppy.png,"MacQuarium/Interface Guppy/Icon",-16455,32x32
Mac Classic.png,"MacQuarium/Mac Classic/Icon",-16455,32x32
MacBowl.png,"MacQuarium/MacBowl/Icon",-16455,32x32
MacQuarium 1.png,"MacQuarium/MacQuarium 1/Icon",-16455,32x32
MacQuarium 2.png,"MacQuarium/MacQuarium 2/Icon",-16455,32x32
MacQuarium 3.png,"MacQuarium/MacQuarium 3/Icon",-16455,32x32
MacQuarium 4.png,"MacQuarium/MacQuarium 4/Icon",-16455,32x32
Snow iMac.png,"MacQuarium/Snow iMac/Icon",-16455,32x32
Snow iQuarium.png,"MacQuarium/Snow iQuarium/Icon",-16455,32x32
Virus Fighting Fish.png,"MacQuarium/Virus Fighting Fish/Icon",-16455,32x32
iBook.png,"MacQuarium/iBook/Icon",-16455,32x32
iBookQuarium.png,"MacQuarium/iBookQuarium/Icon",-16455,32x32
Matrix.png,"Matrix/Icon",-16455,128x128
Action-Trinity.png,"Matrix/Action-Trinity/Icon",-16455,32x32
Cypher.png,"Matrix/Cypher/Icon",-16455,32x32
Lo_Rez Agent Smith.png,"Matrix/Lo:Rez Agent Smith/Icon",-16455,32x32
Lo_Rez Morpheus.png,"Matrix/Lo:Rez Morpheus/Icon",-16455,32x32
Lo_Rez Neo.png,"Matrix/Lo:Rez Neo/Icon",-16455,32x32
Lo_Rez Neo Cypher.png,"Matrix/Lo:Rez Neo Cypher/Icon",-16455,32x32
Lo_Rez Trinity.png,"Matrix/Lo:Rez Trinity/Icon",-16455,32x32
Matrix Code.png,"Matrix/Matrix Code/Icon",-16455,32x32
Matrix Code & Logo.png,"Matrix/Matrix Code & Logo/Icon",-16455,32x32
Matrix SS Icon.png,"Matrix/Matrix SS Icon/Icon",-16455,32x32
Matrix SS Icon (alt).png,"Matrix/Matrix SS Icon (alt)/Icon",-16455,32x32
Morpheus.png,"Matrix/Morpheus/Icon",-16455,32x32
Neo.png,"Matrix/Neo/Icon",-16455,32x32
Software Agent Smith.png,"Matrix/Software Agent Smith/Icon",-16455,32x32
Thomas A.png,"Matrix/Thomas A/Icon",-16455,32x32
Trinity.png,"Matrix/Trinity/Icon",-16455,32x32
Microserfs Blox.png,"Microserfs Blox/Icon",-16455,32x32
Folder-2.png,"Microserfs Blox/ Folder/Icon",-16455,32x32
Shared folder.png,"Microserfs Blox/ Shared folder/Icon",-16455,32x32
Sys.png,"Microserfs Blox/ Sys/Icon",-16455,32x32
Trash Empty-4.png,"Microserfs Blox/ Trash Empty/Icon",-16455,32x32
Trash Full-4.png,"Microserfs Blox/ Trash Full/Icon",-16455,32x32
Blue Four.png,"Microserfs Blox/Blue Four/Icon",-16455,32x32
Blue Four (flat).png,"Microserfs Blox/Blue Four (flat)/Icon",-16455,32x32
Blue Six.png,"Microserfs Blox/Blue Six/Icon",-16455,32x32
Blue Six (flat).png,"Microserfs Blox/Blue Six (flat)/Icon",-16455,32x32
Blue Two.png,"Microserfs Blox/Blue Two/Icon",-16455,32x32
Blue Two (flat).png,"Microserfs Blox/Blue Two (flat)/Icon",-16455,32x32
Flat Grey pad.png,"Microserfs Blox/Flat Grey pad/Icon",-16455,32x32
Green Pad.png,"Microserfs Blox/Green Pad/Icon",-16455,32x32
Red Four.png,"Microserfs Blox/Red Four/Icon",-16455,32x32
Red Four (flat).png,"Microserfs Blox/Red Four (flat)/Icon",-16455,32x32
Red Six.png,"Microserfs Blox/Red Six/Icon",-16455,32x32
Red Six (flat).png,"Microserfs Blox/Red Six (flat)/Icon",-16455,32x32
Red Two.png,"Microserfs Blox/Red Two/Icon",-16455,32x32
Red Two (flat).png,"Microserfs Blox/Red Two (flat)/Icon",-16455,32x32
White Four.png,"Microserfs Blox/White Four/Icon",-16455,32x32
White Four (flat).png,"Microserfs Blox/White Four (flat)/Icon",-16455,32x32
White Six.png,"Microserfs Blox/White Six/Icon",-16455,32x32
White Six (flat).png,"Microserfs Blox/White Six (flat)/Icon",-16455,32x32
White Two.png,"Microserfs Blox/White Two/Icon",-16455,32x32
White Two (flat).png,"Microserfs Blox/White Two (flat)/Icon",-16455,32x32
Yellow Four.png,"Microserfs Blox/Yellow Four/Icon",-16455,32x32
Yellow Four (flat).png,"Microserfs Blox/Yellow Four (flat)/Icon",-16455,32x32
Yellow Six.png,"Microserfs Blox/Yellow Six/Icon",-16455,32x32
Yellow Six (flat).png,"Microserfs Blox/Yellow Six (flat)/Icon",-16455,32x32
Yellow Two.png,"Microserfs Blox/Yellow Two/Icon",-16455,32x32
Yellow Two (flat).png,"Microserfs Blox/Yellow Two (flat)/Icon",-16455,32x32
1_2.png,"Mindforge Fractions/1:2/Icon",-16455,32x32
1_3.png,"Mindforge Fractions/1:3/Icon",-16455,32x32
1_4.png,"Mindforge Fractions/1:4/Icon",-16455,32x32
1_5.png,"Mindforge Fractions/1:5/Icon",-16455,32x32
3D 3rds.png,"Mindforge Fractions/3D 3rds/Icon",-16455,32x32
3D 4ths.png,"Mindforge Fractions/3D 4ths/Icon",-16455,32x32
3D 5ths.png,"Mindforge Fractions/3D 5ths/Icon",-16455,32x32
3D Halves.png,"Mindforge Fractions/3D Halves/Icon",-16455,32x32
Amelia.png,"Mindforge Fractions/Amelia/Icon",-16455,32x32
Boris-2.png,"Mindforge Fractions/Boris/Icon",-16455,32x32
Kitt.png,"Mindforge Fractions/Kitt/Icon",-16455,32x32
Moo.png,"Mindforge Fractions/Moo/Icon",-16455,32x32
Wheelie.png,"Mindforge Fractions/Wheelie/Icon",-16455,32x32
blue folder-2.png,"Mindforge Fractions/blue folder/Icon",-16455,32x32
cdrom blue.png,"Mindforge Fractions/cdrom blue/Icon",-16455,32x32
cdrom green.png,"Mindforge Fractions/cdrom green/Icon",-16455,32x32
cheesecake.png,"Mindforge Fractions/cheesecake/Icon",-16455,32x32
green folder-2.png,"Mindforge Fractions/green folder/Icon",-16455,32x32
mint candy.png,"Mindforge Fractions/mint candy/Icon",-16455,32x32
pie.png,"Mindforge Fractions/pie/Icon",-16455,32x32
pink folder-2.png,"Mindforge Fractions/pink folder/Icon",-16455,32x32
pizza 1.png,"Mindforge Fractions/pizza 1/Icon",-16455,32x32
pizza 2.png,"Mindforge Fractions/pizza 2/Icon",-16455,32x32
purple folder-2.png,"Mindforge Fractions/purple folder/Icon",-16455,32x32
readme.png,"Mindforge Fractions/readme/Icon",-16455,32x32
red folder-2.png,"Mindforge Fractions/red folder/Icon",-16455,32x32
Backpack.png,"Mountaineering Gear/Backpack/Icon",-16455,32x32
Boots.png,"Mountaineering Gear/Boots/Icon",-16455,32x32
Carabiner.png,"Mountaineering Gear/Carabiner/Icon",-16455,32x32
Everest.png,"Mountaineering Gear/Everest/Icon",-16455,32x32
Fan Cam.png,"Mountaineering Gear/Fan Cam/Icon",-16455,32x32
First Aid Kit.png,"Mountaineering Gear/First Aid Kit/Icon",-16455,32x32
GPS.png,"Mountaineering Gear/GPS/Icon",-16455,32x32
Ice Axe.png,"Mountaineering Gear/Ice Axe/Icon",-16455,32x32
Ice Goggles.png,"Mountaineering Gear/Ice Goggles/Icon",-16455,32x32
Journal.png,"Mountaineering Gear/Journal/Icon",-16455,32x32
Nikon Criterions.png,"Mountaineering Gear/Nikon Criterions/Icon",-16455,32x32
Old-style Bag.png,"Mountaineering Gear/Old-style Bag/Icon",-16455,32x32
Oxygen & Mask.png,"Mountaineering Gear/Oxygen & Mask/Icon",-16455,32x32
Power Bars.png,"Mountaineering Gear/Power Bars/Icon",-16455,32x32
Radio.png,"Mountaineering Gear/Radio/Icon",-16455,32x32
Rope.png,"Mountaineering Gear/Rope/Icon",-16455,32x32
Sleeping Bag.png,"Mountaineering Gear/Sleeping Bag/Icon",-16455,32x32
Snargs.png,"Mountaineering Gear/Snargs/Icon",-16455,32x32
Tent.png,"Mountaineering Gear/Tent/Icon",-16455,32x32
Tuber.png,"Mountaineering Gear/Tuber/Icon",-16455,32x32
Baron Kildaer.png,"Myth ƒ/Myth 2 - Soulblighter/Baron Kildaer/Icon",-16455,32x32
Berserker.png,"Myth ƒ/Myth 2 - Soulblighter/Berserker/Icon",-16455,32x32
Damas_Soulblighter.png,"Myth ƒ/Myth 2 - Soulblighter/Damas:Soulblighter/Icon",-16455,32x32
Ghôl.png,"Myth ƒ/Myth 2 - Soulblighter/Ghôl/Icon",-16455,32x32
Journeyman.png,"Myth ƒ/Myth 2 - Soulblighter/Journeyman/Icon",-16455,32x32
King Alric.png,"Myth ƒ/Myth 2 - Soulblighter/King Alric/Icon",-16455,32x32
Maul.png,"Myth ƒ/Myth 2 - Soulblighter/Maul/Icon",-16455,32x32
Mortar Dwarf.png,"Myth ƒ/Myth 2 - Soulblighter/Mortar Dwarf/Icon",-16455,32x32
Myrdred_The Deceiver.png,"Myth ƒ/Myth 2 - Soulblighter/Myrdred:The Deceiver/Icon",-16455,32x32
Myrkridia.png,"Myth ƒ/Myth 2 - Soulblighter/Myrkridia/Icon",-16455,32x32
Ravanna_Shiver.png,"Myth ƒ/Myth 2 - Soulblighter/Ravanna:Shiver/Icon",-16455,32x32
ReadMe-2.png,"Myth ƒ/Myth 2 - Soulblighter/ReadMe/Icon",-16455,32x32
Stygian Knight.png,"Myth ƒ/Myth 2 - Soulblighter/Stygian Knight/Icon",-16455,32x32
Trow.png,"Myth ƒ/Myth 2 - Soulblighter/Trow/Icon",-16455,32x32
Warlock of the Scholomance.png,"Myth ƒ/Myth 2 - Soulblighter/Warlock of the Scholomance/Icon",-16455,32x32
Warrior.png,"Myth ƒ/Myth 2 - Soulblighter/Warrior/Icon",-16455,32x32
Archer.png,"Myth ƒ/Myth-The Fallen Lords/Archer/Icon",-16455,32x32
Avatara.png,"Myth ƒ/Myth-The Fallen Lords/Avatara/Icon",-16455,32x32
Berserker-2.png,"Myth ƒ/Myth-The Fallen Lords/Berserker/Icon",-16455,32x32
Cave Spider.png,"Myth ƒ/Myth-The Fallen Lords/Cave Spider/Icon",-16455,32x32
Dwarf.png,"Myth ƒ/Myth-The Fallen Lords/Dwarf/Icon",-16455,32x32
Fetch.png,"Myth ƒ/Myth-The Fallen Lords/Fetch/Icon",-16455,32x32
Forest Giant.png,"Myth ƒ/Myth-The Fallen Lords/Forest Giant/Icon",-16455,32x32
Ghol.png,"Myth ƒ/Myth-The Fallen Lords/Ghol/Icon",-16455,32x32
Journeyman-2.png,"Myth ƒ/Myth-The Fallen Lords/Journeyman/Icon",-16455,32x32
Myrmidon.png,"Myth ƒ/Myth-The Fallen Lords/Myrmidon/Icon",-16455,32x32
Shade.png,"Myth ƒ/Myth-The Fallen Lords/Shade/Icon",-16455,32x32
Soulless.png,"Myth ƒ/Myth-The Fallen Lords/Soulless/Icon",-16455,32x32
Thrall.png,"Myth ƒ/Myth-The Fallen Lords/Thrall/Icon",-16455,32x32
Trow-2.png,"Myth ƒ/Myth-The Fallen Lords/Trow/Icon",-16455,32x32
Villager.png,"Myth ƒ/Myth-The Fallen Lords/Villager/Icon",-16455,32x32
Warrior-2.png,"Myth ƒ/Myth-The Fallen Lords/Warrior/Icon",-16455,32x32
Wight.png,"Myth ƒ/Myth-The Fallen Lords/Wight/Icon",-16455,32x32
nanogram 15.png,"Nano ƒ/NanoGrams/nanogram 15/Icon",-16455,32x32
nanogram 181.png,"Nano ƒ/NanoGrams/nanogram 181/Icon",-16455,32x32
nanogram 23.png,"Nano ƒ/NanoGrams/nanogram 23/Icon",-16455,32x32
nanogram 28.png,"Nano ƒ/NanoGrams/nanogram 28/Icon",-16455,32x32
nanogram 36.png,"Nano ƒ/NanoGrams/nanogram 36/Icon",-16455,32x32
nanogram 54.png,"Nano ƒ/NanoGrams/nanogram 54/Icon",-16455,32x32
nanogram 63.png,"Nano ƒ/NanoGrams/nanogram 63/Icon",-16455,32x32
nanogram 7.png,"Nano ƒ/NanoGrams/nanogram 7/Icon",-16455,32x32
nanogram 98.png,"Nano ƒ/NanoGrams/nanogram 98/Icon",-16455,32x32
BitBunny.png,"Nano ƒ/NanoPets/BitBunny/Icon",-16455,32x32
BitBunny (escaped).png,"Nano ƒ/NanoPets/BitBunny (escaped)/Icon",-16455,32x32
BitChick.png,"Nano ƒ/NanoPets/BitChick/Icon",-16455,32x32
BitChick (escaped).png,"Nano ƒ/NanoPets/BitChick (escaped)/Icon",-16455,32x32
BitChimp.png,"Nano ƒ/NanoPets/BitChimp/Icon",-16455,32x32
BitChimp (escaped).png,"Nano ƒ/NanoPets/BitChimp (escaped)/Icon",-16455,32x32
BitFly.png,"Nano ƒ/NanoPets/BitFly/Icon",-16455,32x32
BitFly (escaped).png,"Nano ƒ/NanoPets/BitFly (escaped)/Icon",-16455,32x32
BitKitty.png,"Nano ƒ/NanoPets/BitKitty/Icon",-16455,32x32
BitKitty (escaped).png,"Nano ƒ/NanoPets/BitKitty (escaped)/Icon",-16455,32x32
BitMouse.png,"Nano ƒ/NanoPets/BitMouse/Icon",-16455,32x32
BitMouse (escaped).png,"Nano ƒ/NanoPets/BitMouse (escaped)/Icon",-16455,32x32
BitPup.png,"Nano ƒ/NanoPets/BitPup/Icon",-16455,32x32
BitPup (escaped).png,"Nano ƒ/NanoPets/BitPup (escaped)/Icon",-16455,32x32
BitSheep.png,"Nano ƒ/NanoPets/BitSheep/Icon",-16455,32x32
BitSheep (escaped).png,"Nano ƒ/NanoPets/BitSheep (escaped)/Icon",-16455,32x32
BitSpider.png,"Nano ƒ/NanoPets/BitSpider/Icon",-16455,32x32
BitSpider (escaped).png,"Nano ƒ/NanoPets/BitSpider (escaped)/Icon",-16455,32x32
BitTortoise.png,"Nano ƒ/NanoPets/BitTortoise/Icon",-16455,32x32
BitTortoise (escaped).png,"Nano ƒ/NanoPets/BitTortoise (escaped)/Icon",-16455,32x32
AM_117-g12.png,"Nano ƒ/Nanotech Assemblers/AM:117-g12/Icon",-16455,32x32
AM_345DF-n60.png,"Nano ƒ/Nanotech Assemblers/AM:345DF-n60/Icon",-16455,32x32
AM_Mx 883.png,"Nano ƒ/Nanotech Assemblers/AM:Mx 883/Icon",-16455,32x32
"CS_p23 ""power soak"".png","Nano ƒ/Nanotech Assemblers/CS:p23 ""power soak""/Icon",-16455,32x32
Container Module.png,"Nano ƒ/Nanotech Assemblers/Container Module/Icon",-16455,32x32
GMBH_AT-eM50.png,"Nano ƒ/Nanotech Assemblers/GMBH:AT-eM50/Icon",-16455,32x32
Nanotech Warning.png,"Nano ƒ/Nanotech Assemblers/Nanotech Warning/Icon",-16455,32x32
"SEG_244 ""aphid"".png","Nano ƒ/Nanotech Assemblers/SEG:244 ""aphid""/Icon",-16455,32x32
Sony DDH1400.png,"Nano ƒ/Nanotech Assemblers/Sony DDH1400/Icon",-16455,32x32
"TA_1003b ""brainbug"".png","Nano ƒ/Nanotech Assemblers/TA:1003b ""brainbug""/Icon",-16455,32x32
TA_Au-3055-2.png,"Nano ƒ/Nanotech Assemblers/TA:Au-3055/Icon",-16455,32x32
Beetle (blue).png,"New Beetle/Beetle (blue)/Icon",-16455,32x32
Beetle (gold).png,"New Beetle/Beetle (gold)/Icon",-16455,32x32
Beetle (red).png,"New Beetle/Beetle (red)/Icon",-16455,32x32
Beetle (silver).png,"New Beetle/Beetle (silver)/Icon",-16455,32x32
Beetle (yellow).png,"New Beetle/Beetle (yellow)/Icon",-16455,32x32
VW Logo.png,"New Beetle/VW Logo/Icon",-16455,32x32
"""Freeze"".png","NewtCons/""Freeze""/Icon",-16455,32x32
"""Thaw"".png","NewtCons/""Thaw""/Icon",-16455,32x32
"""eMate Tour"" eMate.png","NewtCons/""eMate Tour"" eMate/Icon",-16455,32x32
Alien.png,"NewtCons/Alien/Icon",-16455,32x32
Assist.png,"NewtCons/Assist/Icon",-16455,32x32
B&W G3.png,"NewtCons/B&W G3/Icon",-16455,32x32
Backlight.png,"NewtCons/Backlight/Icon",-16455,32x32
Calculator.png,"NewtCons/Calculator/Icon",-16455,32x32
Calls.png,"NewtCons/Calls/Icon",-16455,32x32
Card Inserted.png,"NewtCons/Card Inserted/Icon",-16455,32x32
Classroom Dock.png,"NewtCons/Classroom Dock/Icon",-16455,32x32
Clock.png,"NewtCons/Clock/Icon",-16455,32x32
Company.png,"NewtCons/Company/Icon",-16455,32x32
Daleks!.png,"NewtCons/Daleks!/Icon",-16455,32x32
Dates.png,"NewtCons/Dates/Icon",-16455,32x32
Dave's eMate.png,"NewtCons/Dave's eMate/Icon",-16455,32x32
Dock.png,"NewtCons/Dock/Icon",-16455,32x32
Extension.png,"NewtCons/Extension/Icon",-16455,32x32
Extras Drawer.png,"NewtCons/Extras Drawer/Icon",-16455,32x32
Folder-3.png,"NewtCons/Folder/Icon",-16455,32x32
Formulas.png,"NewtCons/Formulas/Icon",-16455,32x32
Group.png,"NewtCons/Group/Icon",-16455,32x32
Help-2.png,"NewtCons/Help/Icon",-16455,32x32
In_Out.png,"NewtCons/In:Out/Icon",-16455,32x32
Internet Setup.png,"NewtCons/Internet Setup/Icon",-16455,32x32
Lunar Lander.png,"NewtCons/Lunar Lander/Icon",-16455,32x32
Meeting.png,"NewtCons/Meeting/Icon",-16455,32x32
Merlin-2.png,"NewtCons/Merlin/Icon",-16455,32x32
MessagePad 100_110.png,"NewtCons/MessagePad 100:110/Icon",-16455,32x32
MessagePad 120_130.png,"NewtCons/MessagePad 120:130/Icon",-16455,32x32
MessagePad 2000_2100.png,"NewtCons/MessagePad 2000:2100/Icon",-16455,32x32
Names.png,"NewtCons/Names/Icon",-16455,32x32
NetHopper.png,"NewtCons/NetHopper/Icon",-16455,32x32
Newt's Cape.png,"NewtCons/Newt's Cape/Icon",-16455,32x32
NewtHack.png,"NewtCons/NewtHack/Icon",-16455,32x32
NewtWorks.png,"NewtCons/NewtWorks/Icon",-16455,32x32
Newton Logo.png,"NewtCons/Newton Logo/Icon",-16455,32x32
Newton Logo 2.png,"NewtCons/Newton Logo 2/Icon",-16455,32x32
Newton Press Book.png,"NewtCons/Newton Press Book/Icon",-16455,32x32
Notes.png,"NewtCons/Notes/Icon",-16455,32x32
Owner Info.png,"NewtCons/Owner Info/Icon",-16455,32x32
PC Card.png,"NewtCons/PC Card/Icon",-16455,32x32
PaperBoy.png,"NewtCons/PaperBoy/Icon",-16455,32x32
Person.png,"NewtCons/Person/Icon",-16455,32x32
Place Settings.png,"NewtCons/Place Settings/Icon",-16455,32x32
Plan 9 Meeting.png,"NewtCons/Plan 9 Meeting/Icon",-16455,32x32
Prefs.png,"NewtCons/Prefs/Icon",-16455,32x32
Rotate Screen.png,"NewtCons/Rotate Screen/Icon",-16455,32x32
Scrapbook.png,"NewtCons/Scrapbook/Icon",-16455,32x32
Scroll Arrows.png,"NewtCons/Scroll Arrows/Icon",-16455,32x32
Setup.png,"NewtCons/Setup/Icon",-16455,32x32
Sounds.png,"NewtCons/Sounds/Icon",-16455,32x32
Storage.png,"NewtCons/Storage/Icon",-16455,32x32
Styles.png,"NewtCons/Styles/Icon",-16455,32x32
Teacher Setup.png,"NewtCons/Teacher Setup/Icon",-16455,32x32
Time Zones.png,"NewtCons/Time Zones/Icon",-16455,32x32
Tiny Robo.png,"NewtCons/Tiny Robo/Icon",-16455,32x32
Undo.png,"NewtCons/Undo/Icon",-16455,32x32
Watch The Skies!.png,"NewtCons/Watch The Skies!/Icon",-16455,32x32
Writing Practice.png,"NewtCons/Writing Practice/Icon",-16455,32x32
X-Port.png,"NewtCons/X-Port/Icon",-16455,32x32
Zip Drive.png,"NewtCons/Zip Drive/Icon",-16455,32x32
eMail.png,"NewtCons/eMail/Icon",-16455,32x32
eMate.png,"NewtCons/eMate/Icon",-16455,32x32
iMac-2.png,"NewtCons/iMac /Icon",-16455,32x32
Doomed Sentry 1.png,"Ninja Girl/Doomed Sentry 1/Icon",-16455,32x32
Doomed Sentry 2.png,"Ninja Girl/Doomed Sentry 2/Icon",-16455,32x32
Doomed Sentry 3.png,"Ninja Girl/Doomed Sentry 3/Icon",-16455,32x32
Katana.png,"Ninja Girl/Katana/Icon",-16455,32x32
Ninja Girl.png,"Ninja Girl/Ninja Girl/Icon",-16455,32x32
On The Roof.png,"Ninja Girl/On The Roof/Icon",-16455,32x32
Poison on a Thread.png,"Ninja Girl/Poison on a Thread/Icon",-16455,32x32
Shiruken.png,"Ninja Girl/Shiruken/Icon",-16455,32x32
Shoji Sneak.png,"Ninja Girl/Shoji Sneak/Icon",-16455,32x32
Smoke Bomb.png,"Ninja Girl/Smoke Bomb/Icon",-16455,32x32
Success!.png,"Ninja Girl/Success!/Icon",-16455,32x32
Underwater.png,"Ninja Girl/Underwater/Icon",-16455,32x32
Berg Katse.png,"Ninja Team Gatchaman/Berg Katse/Icon",-16455,32x32
Condor Joe.png,"Ninja Team Gatchaman/Condor Joe/Icon",-16455,32x32
Dr-2.png,"Ninja Team Gatchaman/Dr/Icon",-16455,32x32
Eagle Ken.png,"Ninja Team Gatchaman/Eagle Ken/Icon",-16455,32x32
Emblem.png,"Ninja Team Gatchaman/Emblem/Icon",-16455,32x32
G1 (dwn).png,"Ninja Team Gatchaman/G1 (dwn)/Icon",-16455,32x32
G1 (up).png,"Ninja Team Gatchaman/G1 (up)/Icon",-16455,32x32
G2 (dwn).png,"Ninja Team Gatchaman/G2 (dwn)/Icon",-16455,32x32
G2 (up).png,"Ninja Team Gatchaman/G2 (up)/Icon",-16455,32x32
G3 (lft).png,"Ninja Team Gatchaman/G3 (lft)/Icon",-16455,32x32
G3 (rht).png,"Ninja Team Gatchaman/G3 (rht)/Icon",-16455,32x32
G4 (lft).png,"Ninja Team Gatchaman/G4 (lft)/Icon",-16455,32x32
G4 (rht).png,"Ninja Team Gatchaman/G4 (rht)/Icon",-16455,32x32
Goon.png,"Ninja Team Gatchaman/Goon/Icon",-16455,32x32
Insignia.png,"Ninja Team Gatchaman/Insignia/Icon",-16455,32x32
Jinpei.png,"Ninja Team Gatchaman/Jinpei/Icon",-16455,32x32
Joe.png,"Ninja Team Gatchaman/Joe/Icon",-16455,32x32
Jun.png,"Ninja Team Gatchaman/Jun/Icon",-16455,32x32
Ken.png,"Ninja Team Gatchaman/Ken/Icon",-16455,32x32
Owl Ryu.png,"Ninja Team Gatchaman/Owl Ryu/Icon",-16455,32x32
Phoenix (dwn).png,"Ninja Team Gatchaman/Phoenix (dwn)/Icon",-16455,32x32
Phoenix (up).png,"Ninja Team Gatchaman/Phoenix (up)/Icon",-16455,32x32
Ryu.png,"Ninja Team Gatchaman/Ryu/Icon",-16455,32x32
Sosai X.png,"Ninja Team Gatchaman/Sosai X/Icon",-16455,32x32
Swallow Jinpei.png,"Ninja Team Gatchaman/Swallow Jinpei/Icon",-16455,32x32
Swan Jun.png,"Ninja Team Gatchaman/Swan Jun/Icon",-16455,32x32
Big Elf.png,"Palace of St. Nikolas/Big Elf/Icon",-16455,32x32
Ekatarina.png,"Palace of St. Nikolas/Ekatarina/Icon",-16455,32x32
Ekatarina's Tree.png,"Palace of St. Nikolas/Ekatarina's Tree/Icon",-16455,32x32
Elven Gifts.png,"Palace of St. Nikolas/Elven Gifts/Icon",-16455,32x32
Ilyavich St.png,"Palace of St. Nikolas/Ilyavich St/Icon",-16455,32x32
Kjörska the Mage.png,"Palace of St. Nikolas/Kjörska the Mage/Icon",-16455,32x32
Little Elf.png,"Palace of St. Nikolas/Little Elf/Icon",-16455,32x32
Meka-Nikolas.png,"Palace of St. Nikolas/Meka-Nikolas/Icon",-16455,32x32
Reindeer.png,"Palace of St. Nikolas/Reindeer/Icon",-16455,32x32
Sasha the Borzoi.png,"Palace of St. Nikolas/Sasha the Borzoi/Icon",-16455,32x32
The Elven Chronometer.png,"Palace of St. Nikolas/The Elven Chronometer/Icon",-16455,32x32
The North Pole.png,"Palace of St. Nikolas/The North Pole/Icon",-16455,32x32
The Palace.png,"Palace of St. Nikolas/The Palace/Icon",-16455,32x32
Allagash Alien.png,"Paranormals/Allagash Alien/Icon",-16455,32x32
Bigfoot.png,"Paranormals/Bigfoot/Icon",-16455,32x32
Chupacabra.png,"Paranormals/Chupacabra/Icon",-16455,32x32
Crop Circle 1.png,"Paranormals/Crop Circle 1/Icon",-16455,32x32
Crop Circle 2.png,"Paranormals/Crop Circle 2/Icon",-16455,32x32
Crop Circle 3.png,"Paranormals/Crop Circle 3/Icon",-16455,32x32
Crop Circle 4.png,"Paranormals/Crop Circle 4/Icon",-16455,32x32
Crop Circle 5.png,"Paranormals/Crop Circle 5/Icon",-16455,32x32
Easter Island.png,"Paranormals/Easter Island/Icon",-16455,32x32
Face on Mars.png,"Paranormals/Face on Mars/Icon",-16455,32x32
Flatwood Monster.png,"Paranormals/Flatwood Monster/Icon",-16455,32x32
Kentucky Goblin.png,"Paranormals/Kentucky Goblin/Icon",-16455,32x32
Loch Ness Monster.png,"Paranormals/Loch Ness Monster/Icon",-16455,32x32
Mothman.png,"Paranormals/Mothman/Icon",-16455,32x32
Over Area 51.png,"Paranormals/Over Area 51/Icon",-16455,32x32
Over McMinnville.png,"Paranormals/Over McMinnville/Icon",-16455,32x32
Over Mexico.png,"Paranormals/Over Mexico/Icon",-16455,32x32
Over Moscow.png,"Paranormals/Over Moscow/Icon",-16455,32x32
Over Roswell.png,"Paranormals/Over Roswell/Icon",-16455,32x32
"The ""Grays"".png","Paranormals/The ""Grays""/Icon",-16455,32x32
Classic Mac.png,"Photonica/Classic Mac/Icon",-16455,32x32
Connect to Internet.png,"Photonica/Connect to Internet/Icon",-16455,32x32
Finder 2 32.png,"Photonica/Finder 2 32/Icon",-16455,32x32
Folder Blueberry.png,"Photonica/Folder Blueberry/Icon",-16455,32x32
Folder Tangerine.png,"Photonica/Folder Tangerine/Icon",-16455,32x32
G3 BW.png,"Photonica/G3 BW/Icon",-16455,32x32
G4.png,"Photonica/G4/Icon",-16455,32x32
Get Mail.png,"Photonica/Get Mail/Icon",-16455,32x32
Internet Downloads Folder.png,"Photonica/Internet Downloads Folder/Icon",-16455,32x32
Mail.png,"Photonica/Mail/Icon",-16455,32x32
Powerbook.png,"Photonica/Powerbook/Icon",-16455,32x32
Powerbook-CD.png,"Photonica/Powerbook-CD/Icon",-16455,32x32
System File 32.png,"Photonica/System File 32/Icon",-16455,32x32
eMate 300.png,"Photonica/eMate 300/Icon",-16455,32x32
eMate Files 32.png,"Photonica/eMate Files 32/Icon",-16455,32x32
iBook Blueberry-2.png,"Photonica/iBook Blueberry/Icon",-16455,32x32
iBook Blueberry-power supply.png,"Photonica/iBook Blueberry-power supply/Icon",-16455,32x32
iBook Graphite SE.png,"Photonica/iBook Graphite SE/Icon",-16455,32x32
iBook Graphite SE-power.png,"Photonica/iBook Graphite SE-power/Icon",-16455,32x32
iBook Tangerine-2.png,"Photonica/iBook Tangerine/Icon",-16455,32x32
iBook Tangerine-power supply.png,"Photonica/iBook Tangerine-power supply/Icon",-16455,32x32
iDisplay BW.png,"Photonica/iDisplay BW/Icon",-16455,32x32
iDisplay Blueberry.png,"Photonica/iDisplay Blueberry/Icon",-16455,32x32
iDisplay Graphite.png,"Photonica/iDisplay Graphite/Icon",-16455,32x32
iDisplay Graphite-alt.png,"Photonica/iDisplay Graphite-alt/Icon",-16455,32x32
iFolder Bondi.png,"Photonica/iFolder Bondi/Icon",-16455,32x32
iFolder Grape.png,"Photonica/iFolder Grape/Icon",-16455,32x32
iFolder Graphite.png,"Photonica/iFolder Graphite/Icon",-16455,32x32
iFolder Lime.png,"Photonica/iFolder Lime/Icon",-16455,32x32
iFolder Strawberry.png,"Photonica/iFolder Strawberry/Icon",-16455,32x32
iMac Blueberry.png,"Photonica/iMac Blueberry/Icon",-16455,32x32
iMac Bondi Blue.png,"Photonica/iMac Bondi Blue/Icon",-16455,32x32
iMac DV SE.png,"Photonica/iMac DV SE/Icon",-16455,32x32
iMac Grape.png,"Photonica/iMac Grape/Icon",-16455,32x32
iMac Lime.png,"Photonica/iMac Lime/Icon",-16455,32x32
iMac Straw.png,"Photonica/iMac Straw/Icon",-16455,32x32
iMac Tangerine.png,"Photonica/iMac Tangerine/Icon",-16455,32x32
Prototype 1.png,"Proximity-J/Prototype 1/Icon",-16455,32x32
Prototype 2.png,"Proximity-J/Prototype 2/Icon",-16455,32x32
Prototype 3.png,"Proximity-J/Prototype 3/Icon",-16455,32x32
prox01.png,"Proximity-J/prox01/Icon",-16455,32x32
prox02.png,"Proximity-J/prox02/Icon",-16455,32x32
prox03.png,"Proximity-J/prox03/Icon",-16455,32x32
prox04.png,"Proximity-J/prox04/Icon",-16455,32x32
prox05.png,"Proximity-J/prox05/Icon",-16455,32x32
prox06.png,"Proximity-J/prox06/Icon",-16455,32x32
prox07.png,"Proximity-J/prox07/Icon",-16455,32x32
prox08.png,"Proximity-J/prox08/Icon",-16455,32x32
prox09.png,"Proximity-J/prox09/Icon",-16455,32x32
prox10.png,"Proximity-J/prox10/Icon",-16455,32x32
prox11.png,"Proximity-J/prox11/Icon",-16455,32x32
prox12.png,"Proximity-J/prox12/Icon",-16455,32x32
prox13.png,"Proximity-J/prox13/Icon",-16455,32x32
prox14.png,"Proximity-J/prox14/Icon",-16455,32x32
prox15.png,"Proximity-J/prox15/Icon",-16455,32x32
prox16.png,"Proximity-J/prox16/Icon",-16455,32x32
prox17.png,"Proximity-J/prox17/Icon",-16455,32x32
prox18.png,"Proximity-J/prox18/Icon",-16455,32x32
prox19.png,"Proximity-J/prox19/Icon",-16455,32x32
prox20.png,"Proximity-J/prox20/Icon",-16455,32x32
HC.png,"Psion/HC/Icon",-16455,32x32
Series 3.png,"Psion/Series 3/Icon",-16455,32x32
Series 3a.png,"Psion/Series 3a/Icon",-16455,32x32
Series 3c.png,"Psion/Series 3c/Icon",-16455,32x32
Series 5.png,"Psion/Series 5/Icon",-16455,32x32
Siena.png,"Psion/Siena/Icon",-16455,32x32
Workabout.png,"Psion/Workabout/Icon",-16455,32x32
Auntie Medusia.png,"Ravenswood Manor/Auntie Medusia/Icon",-16455,32x32
Cousin Winifred.png,"Ravenswood Manor/Cousin Winifred/Icon",-16455,32x32
Dankwell the Butler.png,"Ravenswood Manor/Dankwell the Butler/Icon",-16455,32x32
Frau Pinscher.png,"Ravenswood Manor/Frau Pinscher/Icon",-16455,32x32
Inspector Griswold.png,"Ravenswood Manor/Inspector Griswold/Icon",-16455,32x32
Lucrezia Ravenswood.png,"Ravenswood Manor/Lucrezia Ravenswood/Icon",-16455,32x32
Nurse Mortem.png,"Ravenswood Manor/Nurse Mortem/Icon",-16455,32x32
Ravenswood Folder.png,"Ravenswood Manor/Ravenswood Folder/Icon",-16455,32x32
Reginald Ravenswood.png,"Ravenswood Manor/Reginald Ravenswood/Icon",-16455,32x32
Renfield the Cat.png,"Ravenswood Manor/Renfield the Cat/Icon",-16455,32x32
The Curio Bookend.png,"Ravenswood Manor/The Curio Bookend/Icon",-16455,32x32
The Lakeside Ghost.png,"Ravenswood Manor/The Lakeside Ghost/Icon",-16455,32x32
The Ravenswood Raven.png,"Ravenswood Manor/The Ravenswood Raven/Icon",-16455,32x32
The Skeleton Bride.png,"Ravenswood Manor/The Skeleton Bride/Icon",-16455,32x32
Uncle Theodore.png,"Ravenswood Manor/Uncle Theodore/Icon",-16455,32x32
Graphite 256.png,"Re-definition/Graphite 256/Icon",-16455,32x32
Graphite Left Side_256.png,"Re-definition/Graphite Left Side:256/Icon",-16455,32x32
Graphite Right Side_256.png,"Re-definition/Graphite Right Side:256/Icon",-16455,32x32
Indigo 256.png,"Re-definition/Indigo 256/Icon",-16455,32x32
Indigo Left Side_256.png,"Re-definition/Indigo Left Side:256/Icon",-16455,32x32
Indigo Right Side_256.png,"Re-definition/Indigo Right Side:256/Icon",-16455,32x32
Ruby 256.png,"Re-definition/Ruby 256/Icon",-16455,32x32
Ruby Left Side_256.png,"Re-definition/Ruby Left Side:256/Icon",-16455,32x32
Ruby Right Side_256.png,"Re-definition/Ruby Right Side:256/Icon",-16455,32x32
Sage  Left Side_256.png,"Re-definition/Sage  Left Side:256/Icon",-16455,32x32
Sage  Right Side_256.png,"Re-definition/Sage  Right Side:256/Icon",-16455,32x32
Sage 256.png,"Re-definition/Sage 256/Icon",-16455,32x32
Snow 256-2.png,"Re-definition/Snow 256/Icon",-16455,32x32
Snow Left Side_256-2.png,"Re-definition/Snow Left Side:256/Icon",-16455,32x32
Snow Right Side_256-2.png,"Re-definition/Snow Right Side:256/Icon",-16455,32x32
Documentsƒ.png,"Red Box Folders/Documentsƒ/Icon",-16455,32x32
Red this!.png,"Red Box Folders/Red this!/Icon",-16455,32x32
Utilitiesƒ.png,"Red Box Folders/Utilitiesƒ/Icon",-16455,32x32
rb- drive 13.png,"Red Box Folders/rb- drive 13/Icon",-16455,32x32
rb- drive1.png,"Red Box Folders/rb- drive1/Icon",-16455,32x32
rb- drive10.png,"Red Box Folders/rb- drive10/Icon",-16455,32x32
rb- drive11.png,"Red Box Folders/rb- drive11/Icon",-16455,32x32
rb- drive12.png,"Red Box Folders/rb- drive12/Icon",-16455,32x32
rb- drive2.png,"Red Box Folders/rb- drive2/Icon",-16455,32x32
rb- drive3.png,"Red Box Folders/rb- drive3/Icon",-16455,32x32
rb- drive4.png,"Red Box Folders/rb- drive4/Icon",-16455,32x32
rb- drive5.png,"Red Box Folders/rb- drive5/Icon",-16455,32x32
rb- drive6.png,"Red Box Folders/rb- drive6/Icon",-16455,32x32
rb- drive7.png,"Red Box Folders/rb- drive7/Icon",-16455,32x32
rb- drive8.png,"Red Box Folders/rb- drive8/Icon",-16455,32x32
rb- drive9.png,"Red Box Folders/rb- drive9/Icon",-16455,32x32
rb-asd.png,"Red Box Folders/rb-asd/Icon",-16455,32x32
rb-asd bk.png,"Red Box Folders/rb-asd bk/Icon",-16455,32x32
rb-black.png,"Red Box Folders/rb-black/Icon",-16455,32x32
rb-black bk.png,"Red Box Folders/rb-black bk/Icon",-16455,32x32
rb-blue.png,"Red Box Folders/rb-blue/Icon",-16455,32x32
rb-blue bk.png,"Red Box Folders/rb-blue bk/Icon",-16455,32x32
rb-clear.png,"Red Box Folders/rb-clear/Icon",-16455,32x32
rb-clear bk.png,"Red Box Folders/rb-clear bk/Icon",-16455,32x32
rb-gray.png,"Red Box Folders/rb-gray/Icon",-16455,32x32
rb-gray bk.png,"Red Box Folders/rb-gray bk/Icon",-16455,32x32
rb-green.png,"Red Box Folders/rb-green/Icon",-16455,32x32
rb-green bk.png,"Red Box Folders/rb-green bk/Icon",-16455,32x32
rb-iMac.png,"Red Box Folders/rb-iMac/Icon",-16455,32x32
rb-iMac bk.png,"Red Box Folders/rb-iMac bk/Icon",-16455,32x32
rb-orange.png,"Red Box Folders/rb-orange/Icon",-16455,32x32
rb-orange bk.png,"Red Box Folders/rb-orange bk/Icon",-16455,32x32
rb-purple.png,"Red Box Folders/rb-purple/Icon",-16455,32x32
rb-purple bk.png,"Red Box Folders/rb-purple bk/Icon",-16455,32x32
rb-red bk.png,"Red Box Folders/rb-red bk/Icon",-16455,32x32
rb-silver.png,"Red Box Folders/rb-silver/Icon",-16455,32x32
rb-silver bk.png,"Red Box Folders/rb-silver bk/Icon",-16455,32x32
rb-yellow.png,"Red Box Folders/rb-yellow/Icon",-16455,32x32
rb-yellow bk.png,"Red Box Folders/rb-yellow bk/Icon",-16455,32x32
Apple Menu 2.png,"Red Tab System/Apple Menu 2/Icon",-16455,32x32
Apple Menu items ƒ.png,"Red Tab System/Apple Menu items ƒ/Icon",-16455,32x32
AppleScripts.png,"Red Tab System/AppleScripts/Icon",-16455,32x32
Apps ƒ.png,"Red Tab System/Apps ƒ/Icon",-16455,32x32
Check Mail.png,"Red Tab System/Check Mail/Icon",-16455,32x32
Connect.png,"Red Tab System/Connect/Icon",-16455,32x32
Control Disabled.png,"Red Tab System/Control Disabled/Icon",-16455,32x32
Control Panels ƒ.png,"Red Tab System/Control Panels ƒ/Icon",-16455,32x32
Control Strip ƒ.png,"Red Tab System/Control Strip ƒ/Icon",-16455,32x32
Document.png,"Red Tab System/Document/Icon",-16455,32x32
Document 2.png,"Red Tab System/Document 2/Icon",-16455,32x32
Extensions Disabled.png,"Red Tab System/Extensions Disabled/Icon",-16455,32x32
Extensions ƒ-2.png,"Red Tab System/Extensions ƒ/Icon",-16455,32x32
Finder Icon.png,"Red Tab System/Finder Icon/Icon",-16455,32x32
Folder (Locked).png,"Red Tab System/Folder (Locked)/Icon",-16455,32x32
Folder 2.png,"Red Tab System/Folder 2/Icon",-16455,32x32
Fonts-2.png,"Red Tab System/Fonts/Icon",-16455,32x32
Games ƒ-2.png,"Red Tab System/Games ƒ/Icon",-16455,32x32
Games ƒ 2.png,"Red Tab System/Games ƒ 2/Icon",-16455,32x32
Hard Drive.png,"Red Tab System/Hard Drive/Icon",-16455,32x32
Iconfactory ƒ.png,"Red Tab System/Iconfactory ƒ/Icon",-16455,32x32
Internet 2 ƒ.png,"Red Tab System/Internet 2 ƒ/Icon",-16455,32x32
Internet ƒ.png,"Red Tab System/Internet ƒ/Icon",-16455,32x32
Mail Attachments.png,"Red Tab System/Mail Attachments/Icon",-16455,32x32
Mail Attachments 2.png,"Red Tab System/Mail Attachments 2/Icon",-16455,32x32
Mail ƒ.png,"Red Tab System/Mail ƒ/Icon",-16455,32x32
Media ƒ.png,"Red Tab System/Media ƒ/Icon",-16455,32x32
Picture Clipping-2.png,"Red Tab System/Picture Clipping/Icon",-16455,32x32
Pixelhaus ƒ.png,"Red Tab System/Pixelhaus ƒ/Icon",-16455,32x32
Plain Folder-2.png,"Red Tab System/Plain Folder/Icon",-16455,32x32
Prefs ƒ.png,"Red Tab System/Prefs ƒ/Icon",-16455,32x32
Scrapbook File.png,"Red Tab System/Scrapbook File/Icon",-16455,32x32
Server-3.png,"Red Tab System/Server/Icon",-16455,32x32
Sharing Disabled.png,"Red Tab System/Sharing Disabled/Icon",-16455,32x32
Sharing ƒ.png,"Red Tab System/Sharing ƒ/Icon",-16455,32x32
Start-Up Disabled.png,"Red Tab System/Start-Up Disabled/Icon",-16455,32x32
Start-Up Items-3.png,"Red Tab System/Start-Up Items/Icon",-16455,32x32
System ƒ-3.png,"Red Tab System/System ƒ/Icon",-16455,32x32
Text Clipping-2.png,"Red Tab System/Text Clipping/Icon",-16455,32x32
Trash Empty-5.png,"Red Tab System/Trash Empty/Icon",-16455,32x32
Trash Full-5.png,"Red Tab System/Trash Full/Icon",-16455,32x32
Tsunami Drive.png,"Red Tab System/Tsunami Drive/Icon",-16455,32x32
Utilities ƒ.png,"Red Tab System/Utilities ƒ/Icon",-16455,32x32
eye4.png,"Red Tab System/eye4/Icon",-16455,32x32
iMac Drive.png,"Red Tab System/iMac Drive/Icon",-16455,32x32
Black Mecha.png,"Robot Boys & Mecha Girls/ Black Mecha/Icon",-16455,32x32
Ghost Mecha.png,"Robot Boys & Mecha Girls/ Ghost Mecha/Icon",-16455,32x32
Gold Mecha.png,"Robot Boys & Mecha Girls/ Gold Mecha/Icon",-16455,32x32
Mecha Builder.png,"Robot Boys & Mecha Girls/ Mecha Builder/Icon",-16455,32x32
Mecha Hawk.png,"Robot Boys & Mecha Girls/ Mecha Hawk/Icon",-16455,32x32
Mecha Speed!.png,"Robot Boys & Mecha Girls/ Mecha Speed!/Icon",-16455,32x32
Mecha Starlight.png,"Robot Boys & Mecha Girls/ Mecha Starlight/Icon",-16455,32x32
Ninjutsu Mecha.png,"Robot Boys & Mecha Girls/ Ninjutsu Mecha/Icon",-16455,32x32
Big Boy-2.png,"Robot Boys & Mecha Girls/Big Boy/Icon",-16455,32x32
Daro.png,"Robot Boys & Mecha Girls/Daro/Icon",-16455,32x32
Ghost.png,"Robot Boys & Mecha Girls/Ghost/Icon",-16455,32x32
Jonni.png,"Robot Boys & Mecha Girls/Jonni/Icon",-16455,32x32
Mecha Bug.png,"Robot Boys & Mecha Girls/Mecha Bug/Icon",-16455,32x32
Mischa.png,"Robot Boys & Mecha Girls/Mischa/Icon",-16455,32x32
Pallis.png,"Robot Boys & Mecha Girls/Pallis/Icon",-16455,32x32
Sara.png,"Robot Boys & Mecha Girls/Sara/Icon",-16455,32x32
Sascha.png,"Robot Boys & Mecha Girls/Sascha/Icon",-16455,32x32
Sonjaly.png,"Robot Boys & Mecha Girls/Sonjaly/Icon",-16455,32x32
Talos.png,"Robot Boys & Mecha Girls/Talos/Icon",-16455,32x32
Wix.png,"Robot Boys & Mecha Girls/Wix/Icon",-16455,32x32
Gundam 2.png,"SD Gundam/Gundam 2/Icon",-16455,32x32
Gundam 3.png,"SD Gundam/Gundam 3/Icon",-16455,32x32
Gundam 4.png,"SD Gundam/Gundam 4/Icon",-16455,32x32
Gundam MkII AEUG 2.png,"SD Gundam/Gundam MkII AEUG 2/Icon",-16455,32x32
Gundam MkII Titans 2.png,"SD Gundam/Gundam MkII Titans 2/Icon",-16455,32x32
MA-08 BYG-ZAM.png,"SD Gundam/MA-08 BYG-ZAM/Icon",-16455,32x32
MS-06F Zaku.png,"SD Gundam/MS-06F Zaku/Icon",-16455,32x32
MS-06R-2 Johnny Raiden's Zaku2.png,"SD Gundam/MS-06R-2 Johnny Raiden's Zaku2/Icon",-16455,32x32
MS-06S Zaku.png,"SD Gundam/MS-06S Zaku/Icon",-16455,32x32
MS-06S Zaku 2.png,"SD Gundam/MS-06S Zaku 2/Icon",-16455,32x32
MS-07B Gouf.png,"SD Gundam/MS-07B Gouf/Icon",-16455,32x32
MS-09 Dom.png,"SD Gundam/MS-09 Dom/Icon",-16455,32x32
MS-09 Dom 2.png,"SD Gundam/MS-09 Dom 2/Icon",-16455,32x32
MS-14A Gelgoog.png,"SD Gundam/MS-14A Gelgoog/Icon",-16455,32x32
MSM-07 Z'Gok.png,"SD Gundam/MSM-07 Z'Gok/Icon",-16455,32x32
MSN-02 Zeong.png,"SD Gundam/MSN-02 Zeong/Icon",-16455,32x32
MSZ-006 Z Gundam.png,"SD Gundam/MSZ-006 Z Gundam/Icon",-16455,32x32
RB-79 Ball.png,"SD Gundam/RB-79 Ball/Icon",-16455,32x32
RGM-79 GM.png,"SD Gundam/RGM-79 GM/Icon",-16455,32x32
RGM-79 GM 2.png,"SD Gundam/RGM-79 GM 2/Icon",-16455,32x32
RMS-099 Rick Dias.png,"SD Gundam/RMS-099 Rick Dias/Icon",-16455,32x32
RMS-106 HiZack.png,"SD Gundam/RMS-106 HiZack/Icon",-16455,32x32
RMS-108 Marasai.png,"SD Gundam/RMS-108 Marasai/Icon",-16455,32x32
RX-178 Gundam MkII AEUG.png,"SD Gundam/RX-178 Gundam MkII AEUG/Icon",-16455,32x32
RX-178 Gundam MkII Titans.png,"SD Gundam/RX-178 Gundam MkII Titans/Icon",-16455,32x32
RX-75 Guntank.png,"SD Gundam/RX-75 Guntank/Icon",-16455,32x32
RX-78-2 Gundam ver5.png,"SD Gundam/RX-78-2 Gundam ver5/Icon",-16455,32x32
Rx-77 Guncannon.png,"SD Gundam/Rx-77 Guncannon/Icon",-16455,32x32
Rx-77 Guncannon108.png,"SD Gundam/Rx-77 Guncannon108/Icon",-16455,32x32
"""Follower"".png","Sci-Fi Objects/""Follower""/Icon",-16455,32x32
"""Muscle"" Drugpad.png","Sci-Fi Objects/""Muscle"" Drugpad/Icon",-16455,32x32
APC Tank.png,"Sci-Fi Objects/APC Tank/Icon",-16455,32x32
Alpha PADD.png,"Sci-Fi Objects/Alpha PADD/Icon",-16455,32x32
Ankh.png,"Sci-Fi Objects/Ankh/Icon",-16455,32x32
Aries Shuttle.png,"Sci-Fi Objects/Aries Shuttle/Icon",-16455,32x32
Bit.png,"Sci-Fi Objects/Bit /Icon",-16455,32x32
Bit 2.png,"Sci-Fi Objects/Bit 2/Icon",-16455,32x32
Bit yes.png,"Sci-Fi Objects/Bit yes/Icon",-16455,32x32
Bit yes 2.png,"Sci-Fi Objects/Bit yes 2/Icon",-16455,32x32
Blaster-2.png,"Sci-Fi Objects/Blaster/Icon",-16455,32x32
Box!.png,"Sci-Fi Objects/Box!/Icon",-16455,32x32
Capitol In Ruins.png,"Sci-Fi Objects/Capitol In Ruins/Icon",-16455,32x32
Capitol Kitty.png,"Sci-Fi Objects/Capitol Kitty/Icon",-16455,32x32
Carousel.png,"Sci-Fi Objects/Carousel/Icon",-16455,32x32
City (inside).png,"Sci-Fi Objects/City (inside)/Icon",-16455,32x32
Colonial Viper.png,"Sci-Fi Objects/Colonial Viper/Icon",-16455,32x32
ComLock.png,"Sci-Fi Objects/ComLock/Icon",-16455,32x32
Communicator.png,"Sci-Fi Objects/Communicator/Icon",-16455,32x32
Cryo-unit.png,"Sci-Fi Objects/Cryo-unit/Icon",-16455,32x32
Cubits.png,"Sci-Fi Objects/Cubits/Icon",-16455,32x32
Cycle Explosion.png,"Sci-Fi Objects/Cycle Explosion/Icon",-16455,32x32
Cylon Basestar.png,"Sci-Fi Objects/Cylon Basestar/Icon",-16455,32x32
Cylon Raider.png,"Sci-Fi Objects/Cylon Raider/Icon",-16455,32x32
Dalek.png,"Sci-Fi Objects/Dalek/Icon",-16455,32x32
Derelict Ship.png,"Sci-Fi Objects/Derelict Ship/Icon",-16455,32x32
Dewey.png,"Sci-Fi Objects/Dewey/Icon",-16455,32x32
Doc's Table.png,"Sci-Fi Objects/Doc's Table/Icon",-16455,32x32
Domed City.png,"Sci-Fi Objects/Domed City/Icon",-16455,32x32
Eagle 1.png,"Sci-Fi Objects/Eagle 1/Icon",-16455,32x32
Esper Machine.png,"Sci-Fi Objects/Esper Machine/Icon",-16455,32x32
Facehugger.png,"Sci-Fi Objects/Facehugger/Icon",-16455,32x32
Food Tray.png,"Sci-Fi Objects/Food Tray/Icon",-16455,32x32
Frank Poole.png,"Sci-Fi Objects/Frank Poole/Icon",-16455,32x32
Galactica.png,"Sci-Fi Objects/Galactica/Icon",-16455,32x32
Grid Spider.png,"Sci-Fi Objects/Grid Spider/Icon",-16455,32x32
HAL 9000-2.png,"Sci-Fi Objects/HAL 9000/Icon",-16455,32x32
Huey.png,"Sci-Fi Objects/Huey/Icon",-16455,32x32
Jet Mole.png,"Sci-Fi Objects/Jet Mole/Icon",-16455,32x32
K-9.png,"Sci-Fi Objects/K-9/Icon",-16455,32x32
Landscape.png,"Sci-Fi Objects/Landscape/Icon",-16455,32x32
Lastday Mask.png,"Sci-Fi Objects/Lastday Mask/Icon",-16455,32x32
Lifeclock Statue.png,"Sci-Fi Objects/Lifeclock Statue/Icon",-16455,32x32
Light Sail.png,"Sci-Fi Objects/Light Sail/Icon",-16455,32x32
Lightcycle.png,"Sci-Fi Objects/Lightcycle/Icon",-16455,32x32
Lightcycle race.png,"Sci-Fi Objects/Lightcycle race/Icon",-16455,32x32
Loader.png,"Sci-Fi Objects/Loader/Icon",-16455,32x32
Luey.png,"Sci-Fi Objects/Luey/Icon",-16455,32x32
MB Alpha Logo.png,"Sci-Fi Objects/MB Alpha Logo/Icon",-16455,32x32
Main Clear Clock.png,"Sci-Fi Objects/Main Clear Clock/Icon",-16455,32x32
Main Green Clock.png,"Sci-Fi Objects/Main Green Clock/Icon",-16455,32x32
Main Red Clock.png,"Sci-Fi Objects/Main Red Clock/Icon",-16455,32x32
Main Yellow Clock.png,"Sci-Fi Objects/Main Yellow Clock/Icon",-16455,32x32
Marsian War Machine.png,"Sci-Fi Objects/Marsian War Machine/Icon",-16455,32x32
Maximillian.png,"Sci-Fi Objects/Maximillian/Icon",-16455,32x32
MazeCar.png,"Sci-Fi Objects/MazeCar/Icon",-16455,32x32
Moon Buggy.png,"Sci-Fi Objects/Moon Buggy/Icon",-16455,32x32
Moonbase Interceptor.png,"Sci-Fi Objects/Moonbase Interceptor/Icon",-16455,32x32
Moonbus.png,"Sci-Fi Objects/Moonbus/Icon",-16455,32x32
Narcissus.png,"Sci-Fi Objects/Narcissus/Icon",-16455,32x32
Newspad.png,"Sci-Fi Objects/Newspad/Icon",-16455,32x32
Nostromo's Drop Ship.png,"Sci-Fi Objects/Nostromo's Drop Ship/Icon",-16455,32x32
Odyssey Pod.png,"Sci-Fi Objects/Odyssey Pod/Icon",-16455,32x32
Orion Shuttle.png,"Sci-Fi Objects/Orion Shuttle/Icon",-16455,32x32
Police Spinner.png,"Sci-Fi Objects/Police Spinner/Icon",-16455,32x32
Pyramids.png,"Sci-Fi Objects/Pyramids/Icon",-16455,32x32
Recognizer.png,"Sci-Fi Objects/Recognizer/Icon",-16455,32x32
Recognizer (sm).png,"Sci-Fi Objects/Recognizer (sm)/Icon",-16455,32x32
S.H.A.D.O. Logo.png,"Sci-Fi Objects/S.H.A.D.O. Logo/Icon",-16455,32x32
S.I.D..png,"Sci-Fi Objects/S.I.D./Icon",-16455,32x32
S.S. Palomino.png,"Sci-Fi Objects/S.S. Palomino/Icon",-16455,32x32
SHADO Mobile.png,"Sci-Fi Objects/SHADO Mobile/Icon",-16455,32x32
SKY-1.png,"Sci-Fi Objects/SKY-1/Icon",-16455,32x32
Sandman's Gun.png,"Sci-Fi Objects/Sandman's Gun/Icon",-16455,32x32
Sleep Pod.png,"Sci-Fi Objects/Sleep Pod/Icon",-16455,32x32
Space Station Chair.png,"Sci-Fi Objects/Space Station Chair/Icon",-16455,32x32
Space Station One.png,"Sci-Fi Objects/Space Station One/Icon",-16455,32x32
Straker's Car.png,"Sci-Fi Objects/Straker's Car/Icon",-16455,32x32
Stun Gun.png,"Sci-Fi Objects/Stun Gun/Icon",-16455,32x32
Sulaco's Drop Ship.png,"Sci-Fi Objects/Sulaco's Drop Ship/Icon",-16455,32x32
Surrogation.png,"Sci-Fi Objects/Surrogation/Icon",-16455,32x32
TB-1.png,"Sci-Fi Objects/TB-1/Icon",-16455,32x32
TB-2.png,"Sci-Fi Objects/TB-2/Icon",-16455,32x32
TB-3.png,"Sci-Fi Objects/TB-3/Icon",-16455,32x32
TB-4.png,"Sci-Fi Objects/TB-4/Icon",-16455,32x32
TMA-1.png,"Sci-Fi Objects/TMA-1/Icon",-16455,32x32
TRON.png,"Sci-Fi Objects/TRON/Icon",-16455,32x32
TRON's Disc.png,"Sci-Fi Objects/TRON's Disc/Icon",-16455,32x32
The Dawn Of Man.png,"Sci-Fi Objects/The Dawn Of Man/Icon",-16455,32x32
The Last Gate.png,"Sci-Fi Objects/The Last Gate/Icon",-16455,32x32
The Monolith.png,"Sci-Fi Objects/The Monolith/Icon",-16455,32x32
The TARDIS.png,"Sci-Fi Objects/The TARDIS/Icon",-16455,32x32
U.S.S. Sulaco.png,"Sci-Fi Objects/U.S.S. Sulaco/Icon",-16455,32x32
V.I.N.Cent..png,"Sci-Fi Objects/V.I.N.Cent./Icon",-16455,32x32
Valley Forge Patch.png,"Sci-Fi Objects/Valley Forge Patch/Icon",-16455,32x32
Vid-Tank.png,"Sci-Fi Objects/Vid-Tank/Icon",-16455,32x32
Vid-Tank 2.png,"Sci-Fi Objects/Vid-Tank 2/Icon",-16455,32x32
Videosign Building.png,"Sci-Fi Objects/Videosign Building/Icon",-16455,32x32
Voight-Kampf Machine.png,"Sci-Fi Objects/Voight-Kampf Machine/Icon",-16455,32x32
Zero G Toilet Docs.png,"Sci-Fi Objects/Zero G Toilet Docs/Icon",-16455,32x32
Zhora Photo.png,"Sci-Fi Objects/Zhora Photo/Icon",-16455,32x32
airborne.png,"Sketchcons ƒ/Sketchcons/airborne/Icon",-16455,32x32
arrowLeft.png,"Sketchcons ƒ/Sketchcons/arrowLeft/Icon",-16455,32x32
arrowLeft2.png,"Sketchcons ƒ/Sketchcons/arrowLeft2/Icon",-16455,32x32
arrowRight.png,"Sketchcons ƒ/Sketchcons/arrowRight/Icon",-16455,32x32
arrowRight2.png,"Sketchcons ƒ/Sketchcons/arrowRight2/Icon",-16455,32x32
blueberry.png,"Sketchcons ƒ/Sketchcons/blueberry/Icon",-16455,32x32
blueberry2.png,"Sketchcons ƒ/Sketchcons/blueberry2/Icon",-16455,32x32
fedex.png,"Sketchcons ƒ/Sketchcons/fedex/Icon",-16455,32x32
folder-4.png,"Sketchcons ƒ/Sketchcons/folder/Icon",-16455,32x32
folder2.png,"Sketchcons ƒ/Sketchcons/folder2/Icon",-16455,32x32
globe.png,"Sketchcons ƒ/Sketchcons/globe/Icon",-16455,32x32
grape.png,"Sketchcons ƒ/Sketchcons/grape/Icon",-16455,32x32
grape2.png,"Sketchcons ƒ/Sketchcons/grape2/Icon",-16455,32x32
house.png,"Sketchcons ƒ/Sketchcons/house/Icon",-16455,32x32
inBox.png,"Sketchcons ƒ/Sketchcons/inBox/Icon",-16455,32x32
lime.png,"Sketchcons ƒ/Sketchcons/lime/Icon",-16455,32x32
lime2.png,"Sketchcons ƒ/Sketchcons/lime2/Icon",-16455,32x32
mail-2.png,"Sketchcons ƒ/Sketchcons/mail/Icon",-16455,32x32
mail2.png,"Sketchcons ƒ/Sketchcons/mail2/Icon",-16455,32x32
mailbox-2.png,"Sketchcons ƒ/Sketchcons/mailbox/Icon",-16455,32x32
manilla.png,"Sketchcons ƒ/Sketchcons/manilla/Icon",-16455,32x32
manilla2.png,"Sketchcons ƒ/Sketchcons/manilla2/Icon",-16455,32x32
news1.png,"Sketchcons ƒ/Sketchcons/news1/Icon",-16455,32x32
note-2.png,"Sketchcons ƒ/Sketchcons/note/Icon",-16455,32x32
outBox.png,"Sketchcons ƒ/Sketchcons/outBox/Icon",-16455,32x32
priorityMail.png,"Sketchcons ƒ/Sketchcons/priorityMail/Icon",-16455,32x32
search.png,"Sketchcons ƒ/Sketchcons/search/Icon",-16455,32x32
search2.png,"Sketchcons ƒ/Sketchcons/search2/Icon",-16455,32x32
smiley.png,"Sketchcons ƒ/Sketchcons/smiley/Icon",-16455,32x32
strawberry.png,"Sketchcons ƒ/Sketchcons/strawberry/Icon",-16455,32x32
strawberry2.png,"Sketchcons ƒ/Sketchcons/strawberry2/Icon",-16455,32x32
tangerine.png,"Sketchcons ƒ/Sketchcons/tangerine/Icon",-16455,32x32
tangerine2.png,"Sketchcons ƒ/Sketchcons/tangerine2/Icon",-16455,32x32
Candy Cane-2.png,"Sketchcons ƒ/Sketchcons Christmas/Candy Cane/Icon",-16455,48x48
Cranberry Folder.png,"Sketchcons ƒ/Sketchcons Christmas/Cranberry Folder/Icon",-16455,48x48
Evergreen Folder.png,"Sketchcons ƒ/Sketchcons Christmas/Evergreen Folder/Icon",-16455,48x48
Holly.png,"Sketchcons ƒ/Sketchcons Christmas/Holly/Icon",-16455,48x48
Love.png,"Sketchcons ƒ/Sketchcons Christmas/Love/Icon",-16455,48x48
Ornament.png,"Sketchcons ƒ/Sketchcons Christmas/Ornament/Icon",-16455,48x48
Peace.png,"Sketchcons ƒ/Sketchcons Christmas/Peace/Icon",-16455,48x48
Present-2.png,"Sketchcons ƒ/Sketchcons Christmas/Present/Icon",-16455,48x48
Santa's Hat.png,"Sketchcons ƒ/Sketchcons Christmas/Santa's Hat/Icon",-16455,48x48
Star.png,"Sketchcons ƒ/Sketchcons Christmas/Star/Icon",-16455,48x48
Stocking-2.png,"Sketchcons ƒ/Sketchcons Christmas/Stocking/Icon",-16455,48x48
Tree-3.png,"Sketchcons ƒ/Sketchcons Christmas/Tree/Icon",-16455,48x48
"""Crash"" Kowalski (Belter).png","Solar Patrol/ ""Crash"" Kowalski (Belter)/Icon",-16455,32x32
Box 999 (droid).png,"Solar Patrol/ Box 999 (droid)/Icon",-16455,32x32
Buck Bodyclaw.png,"Solar Patrol/ Buck Bodyclaw/Icon",-16455,32x32
Cpt.png,"Solar Patrol/ Cpt/Icon",-16455,32x32
Flank Laser.png,"Solar Patrol/ Flank Laser/Icon",-16455,32x32
Nina Jupiter.png,"Solar Patrol/ Nina Jupiter/Icon",-16455,32x32
The Admiral.png,"Solar Patrol/ The Admiral/Icon",-16455,32x32
Zip (droid).png,"Solar Patrol/ Zip (droid)/Icon",-16455,32x32
Asteroid Belt.png,"Solar Patrol/Asteroid Belt/Icon",-16455,32x32
Belt City.png,"Solar Patrol/Belt City/Icon",-16455,32x32
Belter 1.png,"Solar Patrol/Belter 1/Icon",-16455,32x32
Belter 2.png,"Solar Patrol/Belter 2/Icon",-16455,32x32
Belter Ship.png,"Solar Patrol/Belter Ship/Icon",-16455,32x32
Callisto Pete.png,"Solar Patrol/Callisto Pete/Icon",-16455,32x32
Captain Clark.png,"Solar Patrol/Captain Clark/Icon",-16455,32x32
Crunch McFlex.png,"Solar Patrol/Crunch McFlex/Icon",-16455,32x32
Dr-3.png,"Solar Patrol/Dr/Icon",-16455,32x32
Earth.png,"Solar Patrol/Earth/Icon",-16455,32x32
Earth 2.png,"Solar Patrol/Earth 2/Icon",-16455,32x32
King of Triton.png,"Solar Patrol/King of Triton/Icon",-16455,32x32
Landing Party.png,"Solar Patrol/Landing Party/Icon",-16455,32x32
Luna.png,"Solar Patrol/Luna/Icon",-16455,32x32
Luna 2.png,"Solar Patrol/Luna 2/Icon",-16455,32x32
Mars.png,"Solar Patrol/Mars/Icon",-16455,32x32
Mars 2.png,"Solar Patrol/Mars 2/Icon",-16455,32x32
Martian 1.png,"Solar Patrol/Martian 1/Icon",-16455,32x32
Martian 2.png,"Solar Patrol/Martian 2/Icon",-16455,32x32
Martian 3.png,"Solar Patrol/Martian 3/Icon",-16455,32x32
Martian 4.png,"Solar Patrol/Martian 4/Icon",-16455,32x32
Patrol Buggy.png,"Solar Patrol/Patrol Buggy/Icon",-16455,32x32
Patrol Lander.png,"Solar Patrol/Patrol Lander/Icon",-16455,32x32
Patrol Outpost.png,"Solar Patrol/Patrol Outpost/Icon",-16455,32x32
Patrol Ship.png,"Solar Patrol/Patrol Ship/Icon",-16455,32x32
Pluto.png,"Solar Patrol/Pluto/Icon",-16455,32x32
Pluto 2.png,"Solar Patrol/Pluto 2/Icon",-16455,32x32
Plutonian 1.png,"Solar Patrol/Plutonian 1/Icon",-16455,32x32
Plutonian 2.png,"Solar Patrol/Plutonian 2/Icon",-16455,32x32
SP Blazon.png,"Solar Patrol/SP Blazon/Icon",-16455,32x32
Sol.png,"Solar Patrol/Sol/Icon",-16455,32x32
Spacesuit.png,"Solar Patrol/Spacesuit/Icon",-16455,32x32
Triton.png,"Solar Patrol/Triton/Icon",-16455,32x32
Triton 2.png,"Solar Patrol/Triton 2/Icon",-16455,32x32
Triton Imp.png,"Solar Patrol/Triton Imp/Icon",-16455,32x32
Tycho City.png,"Solar Patrol/Tycho City/Icon",-16455,32x32
#@!&*  Cartman.png,"South Park/#@!&*  Cartman/Icon",-16455,32x32
Beefcake Eric.png,"South Park/Beefcake Eric/Icon",-16455,32x32
Cartman.png,"South Park/Cartman/Icon",-16455,32x32
Chef.png,"South Park/Chef/Icon",-16455,32x32
Councelor.png,"South Park/Councelor/Icon",-16455,32x32
Ike.png,"South Park/Ike/Icon",-16455,32x32
Jesus.png,"South Park/Jesus/Icon",-16455,32x32
Kenny.png,"South Park/Kenny/Icon",-16455,32x32
Kitty Kitty.png,"South Park/Kitty Kitty/Icon",-16455,32x32
Kyle.png,"South Park/Kyle/Icon",-16455,32x32
Kyle's Mom.png,"South Park/Kyle's Mom/Icon",-16455,32x32
Mr.png,"South Park/Mr/Icon",-16455,32x32
Mr 2.png,"South Park/Mr 2/Icon",-16455,32x32
Mr 3.png,"South Park/Mr 3/Icon",-16455,32x32
Mrs.png,"South Park/Mrs/Icon",-16455,32x32
Off.png,"South Park/Off/Icon",-16455,32x32
Philip Glass.png,"South Park/Philip Glass/Icon",-16455,32x32
Pissed Kyle.png,"South Park/Pissed Kyle/Icon",-16455,32x32
SP ƒ.png,"South Park/SP ƒ/Icon",-16455,32x32
Scaredy Cow.png,"South Park/Scaredy Cow/Icon",-16455,32x32
Stan.png,"South Park/Stan/Icon",-16455,32x32
Uncle Jimbo.png,"South Park/Uncle Jimbo/Icon",-16455,32x32
Wendy.png,"South Park/Wendy/Icon",-16455,32x32
Xmas Play.png,"South Park/Xmas Play/Icon",-16455,32x32
"""Rocket"" ship.png","Space/""Rocket"" ship/Icon",-16455,32x32
Arecibo Message.png,"Space/Arecibo Message/Icon",-16455,32x32
Asteroids.png,"Space/Asteroids/Icon",-16455,32x32
Callisto.png,"Space/Callisto/Icon",-16455,32x32
Comet Halley.png,"Space/Comet Halley/Icon",-16455,32x32
Comet West.png,"Space/Comet West/Icon",-16455,32x32
Comets.png,"Space/Comets/Icon",-16455,32x32
Deimos.png,"Space/Deimos/Icon",-16455,32x32
Earth 2-2.png,"Space/Earth 2/Icon",-16455,32x32
Earth 3.png,"Space/Earth 3/Icon",-16455,32x32
Earth ƒ.png,"Space/Earth ƒ/Icon",-16455,32x32
Enceladus.png,"Space/Enceladus/Icon",-16455,32x32
Europa.png,"Space/Europa/Icon",-16455,32x32
Gallieo.png,"Space/Gallieo/Icon",-16455,32x32
Ganymede.png,"Space/Ganymede/Icon",-16455,32x32
Hubble.png,"Space/Hubble/Icon",-16455,32x32
Io.png,"Space/Io/Icon",-16455,32x32
Jupiter.png,"Space/Jupiter/Icon",-16455,32x32
Jupiter ƒ.png,"Space/Jupiter ƒ/Icon",-16455,32x32
Mars-2.png,"Space/Mars/Icon",-16455,32x32
Mars ƒ.png,"Space/Mars ƒ/Icon",-16455,32x32
Mercury.png,"Space/Mercury/Icon",-16455,32x32
Mercury ƒ.png,"Space/Mercury ƒ/Icon",-16455,32x32
Mimas.png,"Space/Mimas/Icon",-16455,32x32
NEAR Spacecraft.png,"Space/NEAR Spacecraft/Icon",-16455,32x32
Neptune-2.png,"Space/Neptune/Icon",-16455,32x32
Neptune ƒ.png,"Space/Neptune ƒ/Icon",-16455,32x32
Oberon.png,"Space/Oberon/Icon",-16455,32x32
Objects ƒ.png,"Space/Objects ƒ/Icon",-16455,32x32
Phobos.png,"Space/Phobos/Icon",-16455,32x32
Pioneer 10.png,"Space/Pioneer 10/Icon",-16455,32x32
Pluto-2.png,"Space/Pluto/Icon",-16455,32x32
Pluto ƒ.png,"Space/Pluto ƒ/Icon",-16455,32x32
Radio Telescope.png,"Space/Radio Telescope/Icon",-16455,32x32
Saturn.png,"Space/Saturn/Icon",-16455,32x32
Saturn ƒ.png,"Space/Saturn ƒ/Icon",-16455,32x32
Shoemaker-Levy 9.png,"Space/Shoemaker-Levy 9/Icon",-16455,32x32
Shuttle.png,"Space/Shuttle/Icon",-16455,32x32
Sojourner.png,"Space/Sojourner/Icon",-16455,32x32
Space Station.png,"Space/Space Station/Icon",-16455,32x32
Sun ƒ.png,"Space/Sun ƒ/Icon",-16455,32x32
The Earth.png,"Space/The Earth/Icon",-16455,32x32
The Moon.png,"Space/The Moon/Icon",-16455,32x32
The Sun.png,"Space/The Sun/Icon",-16455,32x32
Titan.png,"Space/Titan/Icon",-16455,32x32
Triton-2.png,"Space/Triton/Icon",-16455,32x32
Uranus-2.png,"Space/Uranus/Icon",-16455,32x32
Uranus ƒ.png,"Space/Uranus ƒ/Icon",-16455,32x32
Venus.png,"Space/Venus/Icon",-16455,32x32
Venus ƒ.png,"Space/Venus ƒ/Icon",-16455,32x32
Voyager.png,"Space/Voyager/Icon",-16455,32x32
sm moon.png,"Space/sm moon/Icon",-16455,32x32
smearth.png,"Space/smearth/Icon",-16455,32x32
smjupiter.png,"Space/smjupiter/Icon",-16455,32x32
smmars.png,"Space/smmars/Icon",-16455,32x32
smmercury.png,"Space/smmercury/Icon",-16455,32x32
smneptune.png,"Space/smneptune/Icon",-16455,32x32
smpluto.png,"Space/smpluto/Icon",-16455,32x32
smsaturn.png,"Space/smsaturn/Icon",-16455,32x32
smsun.png,"Space/smsun/Icon",-16455,32x32
smuranus.png,"Space/smuranus/Icon",-16455,32x32
smvenus.png,"Space/smvenus/Icon",-16455,32x32
CD player.png,"SpaceCon OS/CD player/Icon",-16455,32x32
RC5 Client.png,"SpaceCon OS/RC5 Client/Icon",-16455,32x32
Server-4.png,"SpaceCon OS/Server/Icon",-16455,32x32
Space Navigator.png,"SpaceCon OS/Space Navigator/Icon",-16455,32x32
SpaceConDropper.png,"SpaceCon OS/SpaceConDropper/Icon",-16455,32x32
airlock closed.png,"SpaceCon OS/airlock closed/Icon",-16455,32x32
airlock open.png,"SpaceCon OS/airlock open/Icon",-16455,32x32
alien-2.png,"SpaceCon OS/alien/Icon",-16455,32x32
apple menu-2.png,"SpaceCon OS/apple menu/Icon",-16455,32x32
apps.png,"SpaceCon OS/apps/Icon",-16455,32x32
calc.png,"SpaceCon OS/calc/Icon",-16455,32x32
construction-2.png,"SpaceCon OS/construction/Icon",-16455,32x32
control strip.png,"SpaceCon OS/control strip/Icon",-16455,32x32
controls.png,"SpaceCon OS/controls/Icon",-16455,32x32
deskpix.png,"SpaceCon OS/deskpix/Icon",-16455,32x32
droid.png,"SpaceCon OS/droid/Icon",-16455,32x32
email-2.png,"SpaceCon OS/email/Icon",-16455,32x32
email screen.png,"SpaceCon OS/email screen/Icon",-16455,32x32
extensions-3.png,"SpaceCon OS/extensions/Icon",-16455,32x32
finder-3.png,"SpaceCon OS/finder/Icon",-16455,32x32
folder-5.png,"SpaceCon OS/folder/Icon",-16455,32x32
folder lock.png,"SpaceCon OS/folder lock/Icon",-16455,32x32
fonts-3.png,"SpaceCon OS/fonts/Icon",-16455,32x32
games.png,"SpaceCon OS/games/Icon",-16455,32x32
generic app-2.png,"SpaceCon OS/generic app/Icon",-16455,32x32
generic doc-2.png,"SpaceCon OS/generic doc/Icon",-16455,32x32
generic prefs-2.png,"SpaceCon OS/generic prefs/Icon",-16455,32x32
green slime.png,"SpaceCon OS/green slime/Icon",-16455,32x32
icon machine.png,"SpaceCon OS/icon machine/Icon",-16455,32x32
icons.png,"SpaceCon OS/icons/Icon",-16455,32x32
mounted.png,"SpaceCon OS/mounted/Icon",-16455,32x32
mounted alt.png,"SpaceCon OS/mounted alt/Icon",-16455,32x32
pict.png,"SpaceCon OS/pict/Icon",-16455,32x32
planetoid.png,"SpaceCon OS/planetoid/Icon",-16455,32x32
preferences-2.png,"SpaceCon OS/preferences/Icon",-16455,32x32
quicktime.png,"SpaceCon OS/quicktime/Icon",-16455,32x32
shared.png,"SpaceCon OS/shared/Icon",-16455,32x32
shuttle-2.png,"SpaceCon OS/shuttle/Icon",-16455,32x32
space station-2.png,"SpaceCon OS/space station/Icon",-16455,32x32
spacegrrl.png,"SpaceCon OS/spacegrrl/Icon",-16455,32x32
spaceguy.png,"SpaceCon OS/spaceguy/Icon",-16455,32x32
starbase.png,"SpaceCon OS/starbase/Icon",-16455,32x32
startup.png,"SpaceCon OS/startup/Icon",-16455,32x32
systm.png,"SpaceCon OS/systm/Icon",-16455,32x32
tools.png,"SpaceCon OS/tools/Icon",-16455,32x32
trash empty-6.png,"SpaceCon OS/trash empty/Icon",-16455,32x32
trash full-6.png,"SpaceCon OS/trash full/Icon",-16455,32x32
ufo-2.png,"SpaceCon OS/ufo/Icon",-16455,32x32
www.png,"SpaceCon OS/www/Icon",-16455,32x32
Appbug.png,"Spring Fling/Appbug/Icon",-16455,32x32
Blankbug Blue 256.png,"Spring Fling/Blankbug Blue 256/Icon",-16455,32x32
Blankbug Blue 32.png,"Spring Fling/Blankbug Blue 32/Icon",-16455,32x32
Blankbug Green 256.png,"Spring Fling/Blankbug Green 256/Icon",-16455,32x32
Blankbug Green 32.png,"Spring Fling/Blankbug Green 32/Icon",-16455,32x32
Blankbug Orange 256.png,"Spring Fling/Blankbug Orange 256/Icon",-16455,32x32
Blankbug Orange 32.png,"Spring Fling/Blankbug Orange 32/Icon",-16455,32x32
Blankbug Pink 256.png,"Spring Fling/Blankbug Pink 256/Icon",-16455,32x32
Blankbug Pink 32.png,"Spring Fling/Blankbug Pink 32/Icon",-16455,32x32
Blue Folder-3.png,"Spring Fling/Blue Folder/Icon",-16455,32x32
Constructionbug.png,"Spring Fling/Constructionbug/Icon",-16455,32x32
Downloads.png,"Spring Fling/Downloads/Icon",-16455,32x32
Fontbug.png,"Spring Fling/Fontbug/Icon",-16455,32x32
Gamebug.png,"Spring Fling/Gamebug/Icon",-16455,32x32
Green Folder-3.png,"Spring Fling/Green Folder/Icon",-16455,32x32
Iconfactorybug.png,"Spring Fling/Iconfactorybug/Icon",-16455,32x32
Internetbug.png,"Spring Fling/Internetbug/Icon",-16455,32x32
Ladybug.png,"Spring Fling/Ladybug/Icon",-16455,32x32
Mailbug.png,"Spring Fling/Mailbug/Icon",-16455,32x32
Moonbug.png,"Spring Fling/Moonbug/Icon",-16455,32x32
Newtonbug.png,"Spring Fling/Newtonbug/Icon",-16455,32x32
OS Bluebug.png,"Spring Fling/OS Bluebug/Icon",-16455,32x32
OS Greenbug.png,"Spring Fling/OS Greenbug/Icon",-16455,32x32
Orange Folder-2.png,"Spring Fling/Orange Folder/Icon",-16455,32x32
Pink Folder-3.png,"Spring Fling/Pink Folder/Icon",-16455,32x32
Quicktimebug.png,"Spring Fling/Quicktimebug/Icon",-16455,32x32
Utilitybug.png,"Spring Fling/Utilitybug/Icon",-16455,32x32
iMacbug.png,"Spring Fling/iMacbug/Icon",-16455,32x32
bat'telh.png,"Star Trek ƒ/Star Trek Objects/bat'telh/Icon",-16455,32x32
d'k tang.png,"Star Trek ƒ/Star Trek Objects/d'k tang/Icon",-16455,32x32
fedPadd1.png,"Star Trek ƒ/Star Trek Objects/fedPadd1/Icon",-16455,32x32
hypo.png,"Star Trek ƒ/Star Trek Objects/hypo/Icon",-16455,32x32
isolinearChip.png,"Star Trek ƒ/Star Trek Objects/isolinearChip/Icon",-16455,32x32
isolinearChip2.png,"Star Trek ƒ/Star Trek Objects/isolinearChip2/Icon",-16455,32x32
isolinearChip3.png,"Star Trek ƒ/Star Trek Objects/isolinearChip3/Icon",-16455,32x32
k7.png,"Star Trek ƒ/Star Trek Objects/k7/Icon",-16455,32x32
nomad.png,"Star Trek ƒ/Star Trek Objects/nomad/Icon",-16455,32x32
phaser.png,"Star Trek ƒ/Star Trek Objects/phaser/Icon",-16455,32x32
regula1.png,"Star Trek ƒ/Star Trek Objects/regula1/Icon",-16455,32x32
scared.png,"Star Trek ƒ/Star Trek Objects/scared/Icon",-16455,32x32
spaceDock.png,"Star Trek ƒ/Star Trek Objects/spaceDock/Icon",-16455,32x32
tngTricorder.png,"Star Trek ƒ/Star Trek Objects/tngTricorder/Icon",-16455,32x32
tosComm.png,"Star Trek ƒ/Star Trek Objects/tosComm/Icon",-16455,32x32
tosHypo.png,"Star Trek ƒ/Star Trek Objects/tosHypo/Icon",-16455,32x32
tribble1.png,"Star Trek ƒ/Star Trek Objects/tribble1/Icon",-16455,32x32
tribble2.png,"Star Trek ƒ/Star Trek Objects/tribble2/Icon",-16455,32x32
tricorder.png,"Star Trek ƒ/Star Trek Objects/tricorder/Icon",-16455,32x32
type1Phaser.png,"Star Trek ƒ/Star Trek Objects/type1Phaser/Icon",-16455,32x32
type2phaser.png,"Star Trek ƒ/Star Trek Objects/type2phaser/Icon",-16455,32x32
visor.png,"Star Trek ƒ/Star Trek Objects/visor/Icon",-16455,32x32
BirdOfPrey.png,"Star Trek ƒ/Star Trek Starships/BirdOfPrey/Icon",-16455,32x32
Klaestron.png,"Star Trek ƒ/Star Trek Starships/Klaestron/Icon",-16455,32x32
Vshuttle.png,"Star Trek ƒ/Star Trek Starships/Vshuttle/Icon",-16455,32x32
bajoran.png,"Star Trek ƒ/Star Trek Starships/bajoran/Icon",-16455,32x32
borg.png,"Star Trek ƒ/Star Trek Starships/borg/Icon",-16455,32x32
botanyBay.png,"Star Trek ƒ/Star Trek Starships/botanyBay/Icon",-16455,32x32
cardassian.png,"Star Trek ƒ/Star Trek Starships/cardassian/Icon",-16455,32x32
defiant.png,"Star Trek ƒ/Star Trek Starships/defiant/Icon",-16455,32x32
dockShuttle.png,"Star Trek ƒ/Star Trek Starships/dockShuttle/Icon",-16455,32x32
enterprise.png,"Star Trek ƒ/Star Trek Starships/enterprise/Icon",-16455,32x32
enterpriseA.png,"Star Trek ƒ/Star Trek Starships/enterpriseA/Icon",-16455,32x32
enterpriseB.png,"Star Trek ƒ/Star Trek Starships/enterpriseB/Icon",-16455,32x32
enterpriseC.png,"Star Trek ƒ/Star Trek Starships/enterpriseC/Icon",-16455,32x32
enterpriseD.png,"Star Trek ƒ/Star Trek Starships/enterpriseD/Icon",-16455,32x32
enterpriseD2.png,"Star Trek ƒ/Star Trek Starships/enterpriseD2/Icon",-16455,32x32
enterpriseE.png,"Star Trek ƒ/Star Trek Starships/enterpriseE/Icon",-16455,32x32
excelsior.png,"Star Trek ƒ/Star Trek Starships/excelsior/Icon",-16455,32x32
farragut.png,"Star Trek ƒ/Star Trek Starships/farragut/Icon",-16455,32x32
ferengi.png,"Star Trek ƒ/Star Trek Starships/ferengi/Icon",-16455,32x32
galileo.png,"Star Trek ƒ/Star Trek Starships/galileo/Icon",-16455,32x32
galileo5.png,"Star Trek ƒ/Star Trek Starships/galileo5/Icon",-16455,32x32
grissom.png,"Star Trek ƒ/Star Trek Starships/grissom/Icon",-16455,32x32
jemHadar.png,"Star Trek ƒ/Star Trek Starships/jemHadar/Icon",-16455,32x32
kazon.png,"Star Trek ƒ/Star Trek Starships/kazon/Icon",-16455,32x32
kazon2.png,"Star Trek ƒ/Star Trek Starships/kazon2/Icon",-16455,32x32
kazon3.png,"Star Trek ƒ/Star Trek Starships/kazon3/Icon",-16455,32x32
klingonCruiser.png,"Star Trek ƒ/Star Trek Starships/klingonCruiser/Icon",-16455,32x32
klingonD7.png,"Star Trek ƒ/Star Trek Starships/klingonD7/Icon",-16455,32x32
klingonFlag.png,"Star Trek ƒ/Star Trek Starships/klingonFlag/Icon",-16455,32x32
maquis.png,"Star Trek ƒ/Star Trek Starships/maquis/Icon",-16455,32x32
miradorn.png,"Star Trek ƒ/Star Trek Starships/miradorn/Icon",-16455,32x32
pasteur.png,"Star Trek ƒ/Star Trek Starships/pasteur/Icon",-16455,32x32
phoenix.png,"Star Trek ƒ/Star Trek Starships/phoenix/Icon",-16455,32x32
reliant.png,"Star Trek ƒ/Star Trek Starships/reliant/Icon",-16455,32x32
romulan.png,"Star Trek ƒ/Star Trek Starships/romulan/Icon",-16455,32x32
romulanScout.png,"Star Trek ƒ/Star Trek Starships/romulanScout/Icon",-16455,32x32
runabout.png,"Star Trek ƒ/Star Trek Starships/runabout/Icon",-16455,32x32
sailShip.png,"Star Trek ƒ/Star Trek Starships/sailShip/Icon",-16455,32x32
saratoga.png,"Star Trek ƒ/Star Trek Starships/saratoga/Icon",-16455,32x32
shuttle-3.png,"Star Trek ƒ/Star Trek Starships/shuttle/Icon",-16455,32x32
shuttlepod.png,"Star Trek ƒ/Star Trek Starships/shuttlepod/Icon",-16455,32x32
stargazer.png,"Star Trek ƒ/Star Trek Starships/stargazer/Icon",-16455,32x32
talaxian.png,"Star Trek ƒ/Star Trek Starships/talaxian/Icon",-16455,32x32
tarellian.png,"Star Trek ƒ/Star Trek Starships/tarellian/Icon",-16455,32x32
terekNor.png,"Star Trek ƒ/Star Trek Starships/terekNor/Icon",-16455,32x32
tholian.png,"Star Trek ƒ/Star Trek Starships/tholian/Icon",-16455,32x32
travelPod.png,"Star Trek ƒ/Star Trek Starships/travelPod/Icon",-16455,32x32
type7shuttle.png,"Star Trek ƒ/Star Trek Starships/type7shuttle/Icon",-16455,32x32
valkris.png,"Star Trek ƒ/Star Trek Starships/valkris/Icon",-16455,32x32
vidian.png,"Star Trek ƒ/Star Trek Starships/vidian/Icon",-16455,32x32
voyager-2.png,"Star Trek ƒ/Star Trek Starships/voyager/Icon",-16455,32x32
vulcanShuttle.png,"Star Trek ƒ/Star Trek Starships/vulcanShuttle/Icon",-16455,32x32
warbird.png,"Star Trek ƒ/Star Trek Starships/warbird/Icon",-16455,32x32
Brainless Spock.png,"Star Trek ƒ/Star Trek TOS Crew/Brainless Spock/Icon",-16455,32x32
Christine Chapel.png,"Star Trek ƒ/Star Trek TOS Crew/Christine Chapel/Icon",-16455,32x32
Happy Spock.png,"Star Trek ƒ/Star Trek TOS Crew/Happy Spock/Icon",-16455,32x32
Hikaru Sulu.png,"Star Trek ƒ/Star Trek TOS Crew/Hikaru Sulu/Icon",-16455,32x32
James T.png,"Star Trek ƒ/Star Trek TOS Crew/James T/Icon",-16455,32x32
Janice Rand.png,"Star Trek ƒ/Star Trek TOS Crew/Janice Rand/Icon",-16455,32x32
Kevin Riley.png,"Star Trek ƒ/Star Trek TOS Crew/Kevin Riley/Icon",-16455,32x32
Kirk (green tunic).png,"Star Trek ƒ/Star Trek TOS Crew/Kirk (green tunic)/Icon",-16455,32x32
Kirk (on Earth).png,"Star Trek ƒ/Star Trek TOS Crew/Kirk (on Earth)/Icon",-16455,32x32
Kyle-2.png,"Star Trek ƒ/Star Trek TOS Crew/Kyle/Icon",-16455,32x32
Leonard McCoy.png,"Star Trek ƒ/Star Trek TOS Crew/Leonard McCoy/Icon",-16455,32x32
M'Benga.png,"Star Trek ƒ/Star Trek TOS Crew/M'Benga/Icon",-16455,32x32
Mirror Universe Spock.png,"Star Trek ƒ/Star Trek TOS Crew/Mirror Universe Spock/Icon",-16455,32x32
Montgomery Scott.png,"Star Trek ƒ/Star Trek TOS Crew/Montgomery Scott/Icon",-16455,32x32
Nyota Uhura.png,"Star Trek ƒ/Star Trek TOS Crew/Nyota Uhura/Icon",-16455,32x32
Pavel Chekov.png,"Star Trek ƒ/Star Trek TOS Crew/Pavel Chekov/Icon",-16455,32x32
ST Folder.png,"Star Trek ƒ/Star Trek TOS Crew/ST Folder/Icon",-16455,32x32
Spock.png,"Star Trek ƒ/Star Trek TOS Crew/Spock/Icon",-16455,32x32
Spock (on Earth).png,"Star Trek ƒ/Star Trek TOS Crew/Spock (on Earth)/Icon",-16455,32x32
Spock (on Earth) 2.png,"Star Trek ƒ/Star Trek TOS Crew/Spock (on Earth) 2/Icon",-16455,32x32
TOS M5.png,"Star Trek ƒ/Star Trek TOS Crew/TOS M5/Icon",-16455,32x32
Anakin Skywalker.png,"Star Wars ƒ/Star Wars Ep. 1/Anakin Skywalker/Icon",-16455,32x32
Armored Assault Tank.png,"Star Wars ƒ/Star Wars Ep. 1/Armored Assault Tank/Icon",-16455,32x32
Battle Droid.png,"Star Wars ƒ/Star Wars Ep. 1/Battle Droid/Icon",-16455,32x32
C3PO.png,"Star Wars ƒ/Star Wars Ep. 1/C3PO/Icon",-16455,32x32
Coruscant Taxi.png,"Star Wars ƒ/Star Wars Ep. 1/Coruscant Taxi/Icon",-16455,32x32
Darth Maul.png,"Star Wars ƒ/Star Wars Ep. 1/Darth Maul/Icon",-16455,32x32
Droid Starfighter.png,"Star Wars ƒ/Star Wars Ep. 1/Droid Starfighter/Icon",-16455,32x32
Droid Starfighter 2.png,"Star Wars ƒ/Star Wars Ep. 1/Droid Starfighter 2/Icon",-16455,32x32
Flash Speeder.png,"Star Wars ƒ/Star Wars Ep. 1/Flash Speeder/Icon",-16455,32x32
Gian Speeder.png,"Star Wars ƒ/Star Wars Ep. 1/Gian Speeder/Icon",-16455,32x32
Gungan Sub.png,"Star Wars ƒ/Star Wars Ep. 1/Gungan Sub/Icon",-16455,32x32
Jar Jar Binks.png,"Star Wars ƒ/Star Wars Ep. 1/Jar Jar Binks/Icon",-16455,32x32
Landing Ship.png,"Star Wars ƒ/Star Wars Ep. 1/Landing Ship/Icon",-16455,32x32
Multi Troop Tansport.png,"Star Wars ƒ/Star Wars Ep. 1/Multi Troop Tansport/Icon",-16455,32x32
Naboo N-1 Starfighter.png,"Star Wars ƒ/Star Wars Ep. 1/Naboo N-1 Starfighter/Icon",-16455,32x32
Obi-Wan Kenobi.png,"Star Wars ƒ/Star Wars Ep. 1/Obi-Wan Kenobi/Icon",-16455,32x32
Queen Amidala.png,"Star Wars ƒ/Star Wars Ep. 1/Queen Amidala/Icon",-16455,32x32
Qui-Gon Jinn.png,"Star Wars ƒ/Star Wars Ep. 1/Qui-Gon Jinn/Icon",-16455,32x32
Republic Cruiser.png,"Star Wars ƒ/Star Wars Ep. 1/Republic Cruiser/Icon",-16455,32x32
Royal Starship.png,"Star Wars ƒ/Star Wars Ep. 1/Royal Starship/Icon",-16455,32x32
Senator Palpatine.png,"Star Wars ƒ/Star Wars Ep. 1/Senator Palpatine/Icon",-16455,32x32
Shmi Skywalker.png,"Star Wars ƒ/Star Wars Ep. 1/Shmi Skywalker/Icon",-16455,32x32
Single Trooper Arial Platform.png,"Star Wars ƒ/Star Wars Ep. 1/Single Trooper Arial Platform/Icon",-16455,32x32
Sith Infiltrator.png,"Star Wars ƒ/Star Wars Ep. 1/Sith Infiltrator/Icon",-16455,32x32
Sith Speeder Bike.png,"Star Wars ƒ/Star Wars Ep. 1/Sith Speeder Bike/Icon",-16455,32x32
Sith Speeder w_ Darth Maul.png,"Star Wars ƒ/Star Wars Ep. 1/Sith Speeder w: Darth Maul/Icon",-16455,32x32
TF Cargo_Battle Ship.png,"Star Wars ƒ/Star Wars Ep. 1/TF Cargo:Battle Ship/Icon",-16455,32x32
TF Droid Control Ship.png,"Star Wars ƒ/Star Wars Ep. 1/TF Droid Control Ship/Icon",-16455,32x32
Walking Starfighter.png,"Star Wars ƒ/Star Wars Ep. 1/Walking Starfighter/Icon",-16455,32x32
Aurra Sing.png,"Star Wars ƒ/Star Wars Ep. 1 Addons/Aurra Sing/Icon",-16455,32x32
Chancellor Valorum.png,"Star Wars ƒ/Star Wars Ep. 1 Addons/Chancellor Valorum/Icon",-16455,32x32
Coruscant Vid-Droid.png,"Star Wars ƒ/Star Wars Ep. 1 Addons/Coruscant Vid-Droid/Icon",-16455,32x32
Destroyer Droid.png,"Star Wars ƒ/Star Wars Ep. 1 Addons/Destroyer Droid/Icon",-16455,32x32
Mace Windu.png,"Star Wars ƒ/Star Wars Ep. 1 Addons/Mace Windu/Icon",-16455,32x32
Pit Droid (folded).png,"Star Wars ƒ/Star Wars Ep. 1 Addons/Pit Droid (folded)/Icon",-16455,32x32
"The ""Master""...png","Star Wars ƒ/Star Wars Ep. 1 Addons/The ""Master""../Icon",-16455,32x32
Star Wars LEGO Minifigs.png,"Star Wars ƒ/Star Wars LEGO Minifigs/Icon",-16455,32x32
"""Black"" Figure.png","Star Wars ƒ/Star Wars LEGO Minifigs/""Black"" Figure/Icon",-16455,32x32
"""Generic"" Figure.png","Star Wars ƒ/Star Wars LEGO Minifigs/""Generic"" Figure/Icon",-16455,32x32
Anakin.png,"Star Wars ƒ/Star Wars LEGO Minifigs/Anakin/Icon",-16455,32x32
Biggs.png,"Star Wars ƒ/Star Wars LEGO Minifigs/Biggs/Icon",-16455,32x32
Biggs w_o helmet.png,"Star Wars ƒ/Star Wars LEGO Minifigs/Biggs w:o helmet/Icon",-16455,32x32
Darth Maul-2.png,"Star Wars ƒ/Star Wars LEGO Minifigs/Darth Maul/Icon",-16455,32x32
Darth Maul w_hood.png,"Star Wars ƒ/Star Wars LEGO Minifigs/Darth Maul w:hood/Icon",-16455,32x32
Darth Vader-2.png,"Star Wars ƒ/Star Wars LEGO Minifigs/Darth Vader/Icon",-16455,32x32
Darth w_o helmet.png,"Star Wars ƒ/Star Wars LEGO Minifigs/Darth w:o helmet/Icon",-16455,32x32
Hoth Soldier.png,"Star Wars ƒ/Star Wars LEGO Minifigs/Hoth Soldier/Icon",-16455,32x32
Hoth Soldier w_o helmet.png,"Star Wars ƒ/Star Wars LEGO Minifigs/Hoth Soldier w:o helmet/Icon",-16455,32x32
Landspeeder Ben.png,"Star Wars ƒ/Star Wars LEGO Minifigs/Landspeeder Ben/Icon",-16455,32x32
Landspeeder Ben_hair.png,"Star Wars ƒ/Star Wars LEGO Minifigs/Landspeeder Ben:hair/Icon",-16455,32x32
Landspeeder Luke.png,"Star Wars ƒ/Star Wars LEGO Minifigs/Landspeeder Luke/Icon",-16455,32x32
Landspeeder Luke_hair.png,"Star Wars ƒ/Star Wars LEGO Minifigs/Landspeeder Luke:hair/Icon",-16455,32x32
Lego Deathstar.png,"Star Wars ƒ/Star Wars LEGO Minifigs/Lego Deathstar/Icon",-16455,32x32
Lego Folder.png,"Star Wars ƒ/Star Wars LEGO Minifigs/Lego Folder/Icon",-16455,32x32
Obi-Wan.png,"Star Wars ƒ/Star Wars LEGO Minifigs/Obi-Wan/Icon",-16455,32x32
Obi-Wan w_hood.png,"Star Wars ƒ/Star Wars LEGO Minifigs/Obi-Wan w:hood/Icon",-16455,32x32
Padmé.png,"Star Wars ƒ/Star Wars LEGO Minifigs/Padmé/Icon",-16455,32x32
Padmé w_hair.png,"Star Wars ƒ/Star Wars LEGO Minifigs/Padmé w:hair/Icon",-16455,32x32
Pod-Racing Anakin.png,"Star Wars ƒ/Star Wars LEGO Minifigs/Pod-Racing Anakin/Icon",-16455,32x32
Qui-Gon Jinn-2.png,"Star Wars ƒ/Star Wars LEGO Minifigs/Qui-Gon Jinn/Icon",-16455,32x32
Qui-Gon Jinn_hair.png,"Star Wars ƒ/Star Wars LEGO Minifigs/Qui-Gon Jinn:hair/Icon",-16455,32x32
R2-D2.png,"Star Wars ƒ/Star Wars LEGO Minifigs/R2-D2/Icon",-16455,32x32
Rebel Technician.png,"Star Wars ƒ/Star Wars LEGO Minifigs/Rebel Technician/Icon",-16455,32x32
Rebel Technician w_o hat.png,"Star Wars ƒ/Star Wars LEGO Minifigs/Rebel Technician w:o hat/Icon",-16455,32x32
Scout Trooper.png,"Star Wars ƒ/Star Wars LEGO Minifigs/Scout Trooper/Icon",-16455,32x32
Wedge.png,"Star Wars ƒ/Star Wars LEGO Minifigs/Wedge/Icon",-16455,32x32
Wedge w_o helmet.png,"Star Wars ƒ/Star Wars LEGO Minifigs/Wedge w:o helmet/Icon",-16455,32x32
X-Wing Luke.png,"Star Wars ƒ/Star Wars LEGO Minifigs/X-Wing Luke/Icon",-16455,32x32
X-Wing Luke w_o helmet.png,"Star Wars ƒ/Star Wars LEGO Minifigs/X-Wing Luke w:o helmet/Icon",-16455,32x32
A-Wing.png,"Star Wars ƒ/Star Wars Vol. 1/A-Wing/Icon",-16455,32x32
AT-AT.png,"Star Wars ƒ/Star Wars Vol. 1/AT-AT/Icon",-16455,32x32
AT-ST.png,"Star Wars ƒ/Star Wars Vol. 1/AT-ST/Icon",-16455,32x32
B-Wing.png,"Star Wars ƒ/Star Wars Vol. 1/B-Wing/Icon",-16455,32x32
Boba Fett.png,"Star Wars ƒ/Star Wars Vol. 1/Boba Fett/Icon",-16455,32x32
Boushh.png,"Star Wars ƒ/Star Wars Vol. 1/Boushh/Icon",-16455,32x32
DV's folder.png,"Star Wars ƒ/Star Wars Vol. 1/DV's folder/Icon",-16455,32x32
Darth Vader-3.png,"Star Wars ƒ/Star Wars Vol. 1/Darth Vader/Icon",-16455,32x32
DeathStar.png,"Star Wars ƒ/Star Wars Vol. 1/DeathStar/Icon",-16455,32x32
M Falcon.png,"Star Wars ƒ/Star Wars Vol. 1/M Falcon/Icon",-16455,32x32
R Transport.png,"Star Wars ƒ/Star Wars Vol. 1/R Transport/Icon",-16455,32x32
R2D2.png,"Star Wars ƒ/Star Wars Vol. 1/R2D2/Icon",-16455,32x32
Royal Guard.png,"Star Wars ƒ/Star Wars Vol. 1/Royal Guard/Icon",-16455,32x32
S trooper.png,"Star Wars ƒ/Star Wars Vol. 1/S trooper/Icon",-16455,32x32
Sandpeople.png,"Star Wars ƒ/Star Wars Vol. 1/Sandpeople/Icon",-16455,32x32
Scout Trooper-2.png,"Star Wars ƒ/Star Wars Vol. 1/Scout Trooper/Icon",-16455,32x32
Shadow of the Empire 1.png,"Star Wars ƒ/Star Wars Vol. 1/Shadow of the Empire 1/Icon",-16455,32x32
Shadow of the Empire 2.png,"Star Wars ƒ/Star Wars Vol. 1/Shadow of the Empire 2/Icon",-16455,32x32
Shadow of the Empire 3.png,"Star Wars ƒ/Star Wars Vol. 1/Shadow of the Empire 3/Icon",-16455,32x32
Shadow of the Empire 4.png,"Star Wars ƒ/Star Wars Vol. 1/Shadow of the Empire 4/Icon",-16455,32x32
Slave I.png,"Star Wars ƒ/Star Wars Vol. 1/Slave I/Icon",-16455,32x32
Star D2.png,"Star Wars ƒ/Star Wars Vol. 1/Star D2/Icon",-16455,32x32
Star Destoryer.png,"Star Wars ƒ/Star Wars Vol. 1/Star Destoryer/Icon",-16455,32x32
Tie Fighter.png,"Star Wars ƒ/Star Wars Vol. 1/Tie Fighter/Icon",-16455,32x32
X-Wing.png,"Star Wars ƒ/Star Wars Vol. 1/X-Wing/Icon",-16455,32x32
X-Wing2.png,"Star Wars ƒ/Star Wars Vol. 1/X-Wing2/Icon",-16455,32x32
Y-Wing.png,"Star Wars ƒ/Star Wars Vol. 1/Y-Wing/Icon",-16455,32x32
c3po-2.png,"Star Wars ƒ/Star Wars Vol. 1/c3po/Icon",-16455,32x32
cloud car.png,"Star Wars ƒ/Star Wars Vol. 1/cloud car/Icon",-16455,32x32
deathstar2.png,"Star Wars ƒ/Star Wars Vol. 1/deathstar2/Icon",-16455,32x32
gamorrean.png,"Star Wars ƒ/Star Wars Vol. 1/gamorrean/Icon",-16455,32x32
landspeeder.png,"Star Wars ƒ/Star Wars Vol. 1/landspeeder/Icon",-16455,32x32
probe.png,"Star Wars ƒ/Star Wars Vol. 1/probe/Icon",-16455,32x32
sandcrawler.png,"Star Wars ƒ/Star Wars Vol. 1/sandcrawler/Icon",-16455,32x32
shuttle-4.png,"Star Wars ƒ/Star Wars Vol. 1/shuttle/Icon",-16455,32x32
snowspeed.png,"Star Wars ƒ/Star Wars Vol. 1/snowspeed/Icon",-16455,32x32
tie bomber.png,"Star Wars ƒ/Star Wars Vol. 1/tie bomber/Icon",-16455,32x32
tieintercepter.png,"Star Wars ƒ/Star Wars Vol. 1/tieintercepter/Icon",-16455,32x32
yoda.png,"Star Wars ƒ/Star Wars Vol. 1/yoda/Icon",-16455,32x32
Ackbar.png,"Star Wars ƒ/Star Wars Vol. 2/Ackbar/Icon",-16455,32x32
Bithian.png,"Star Wars ƒ/Star Wars Vol. 2/Bithian/Icon",-16455,32x32
Blockade Runner.png,"Star Wars ƒ/Star Wars Vol. 2/Blockade Runner/Icon",-16455,32x32
Cloud City.png,"Star Wars ƒ/Star Wars Vol. 2/Cloud City/Icon",-16455,32x32
Emperor.png,"Star Wars ƒ/Star Wars Vol. 2/Emperor/Icon",-16455,32x32
Flurry.png,"Star Wars ƒ/Star Wars Vol. 2/Flurry/Icon",-16455,32x32
Greedo.png,"Star Wars ƒ/Star Wars Vol. 2/Greedo/Icon",-16455,32x32
IG88.png,"Star Wars ƒ/Star Wars Vol. 2/IG88/Icon",-16455,32x32
Jawa.png,"Star Wars ƒ/Star Wars Vol. 2/Jawa/Icon",-16455,32x32
Lady Luck.png,"Star Wars ƒ/Star Wars Vol. 2/Lady Luck/Icon",-16455,32x32
Lobot.png,"Star Wars ƒ/Star Wars Vol. 2/Lobot/Icon",-16455,32x32
Nein Numb.png,"Star Wars ƒ/Star Wars Vol. 2/Nein Numb/Icon",-16455,32x32
R5-D4.png,"Star Wars ƒ/Star Wars Vol. 2/R5-D4/Icon",-16455,32x32
Ranchor.png,"Star Wars ƒ/Star Wars Vol. 2/Ranchor/Icon",-16455,32x32
Sail barge.png,"Star Wars ƒ/Star Wars Vol. 2/Sail barge/Icon",-16455,32x32
Skipray Blastboat.png,"Star Wars ƒ/Star Wars Vol. 2/Skipray Blastboat/Icon",-16455,32x32
Skyhopper.png,"Star Wars ƒ/Star Wars Vol. 2/Skyhopper/Icon",-16455,32x32
Sun Crusher.png,"Star Wars ƒ/Star Wars Vol. 2/Sun Crusher/Icon",-16455,32x32
Virago.png,"Star Wars ƒ/Star Wars Vol. 2/Virago/Icon",-16455,32x32
X-W pilot.png,"Star Wars ƒ/Star Wars Vol. 2/X-W pilot/Icon",-16455,32x32
Xizor.png,"Star Wars ƒ/Star Wars Vol. 2/Xizor/Icon",-16455,32x32
Z-95 Hdhunter.png,"Star Wars ƒ/Star Wars Vol. 2/Z-95 Hdhunter/Icon",-16455,32x32
emperial officer.png,"Star Wars ƒ/Star Wars Vol. 2/emperial officer/Icon",-16455,32x32
escape pod.png,"Star Wars ƒ/Star Wars Vol. 2/escape pod/Icon",-16455,32x32
ewok.png,"Star Wars ƒ/Star Wars Vol. 2/ewok/Icon",-16455,32x32
imperial guard.png,"Star Wars ƒ/Star Wars Vol. 2/imperial guard/Icon",-16455,32x32
lars' landspdr.png,"Star Wars ƒ/Star Wars Vol. 2/lars' landspdr/Icon",-16455,32x32
medical droid.png,"Star Wars ƒ/Star Wars Vol. 2/medical droid/Icon",-16455,32x32
snow stormT.png,"Star Wars ƒ/Star Wars Vol. 2/snow stormT/Icon",-16455,32x32
tie pilot.png,"Star Wars ƒ/Star Wars Vol. 2/tie pilot/Icon",-16455,32x32
Anne-Marie Papandrou.png,"Tales of Unknown Space ƒ/Tales of Unknown Space Vol. 1/Anne-Marie Papandrou/Icon",-16455,32x32
Beowulf Schaeffer.png,"Tales of Unknown Space ƒ/Tales of Unknown Space Vol. 1/Beowulf Schaeffer/Icon",-16455,32x32
Capt.png,"Tales of Unknown Space ƒ/Tales of Unknown Space Vol. 1/Capt/Icon",-16455,32x32
Captain Kidd.png,"Tales of Unknown Space ƒ/Tales of Unknown Space Vol. 1/Captain Kidd/Icon",-16455,32x32
Carlos Wu.png,"Tales of Unknown Space ƒ/Tales of Unknown Space Vol. 1/Carlos Wu/Icon",-16455,32x32
Chuft-Captain-2.png,"Tales of Unknown Space ƒ/Tales of Unknown Space Vol. 1/Chuft-Captain/Icon",-16455,32x32
Elephant.png,"Tales of Unknown Space ƒ/Tales of Unknown Space Vol. 1/Elephant/Icon",-16455,32x32
Emil Horne.png,"Tales of Unknown Space ƒ/Tales of Unknown Space Vol. 1/Emil Horne/Icon",-16455,32x32
Flyer.png,"Tales of Unknown Space ƒ/Tales of Unknown Space Vol. 1/Flyer/Icon",-16455,32x32
Grog.png,"Tales of Unknown Space ƒ/Tales of Unknown Space Vol. 1/Grog/Icon",-16455,32x32
Jason Papandrou.png,"Tales of Unknown Space ƒ/Tales of Unknown Space Vol. 1/Jason Papandrou/Icon",-16455,32x32
Known Space Logo.png,"Tales of Unknown Space ƒ/Tales of Unknown Space Vol. 1/Known Space Logo/Icon",-16455,32x32
Larchmont Bellamy.png,"Tales of Unknown Space ƒ/Tales of Unknown Space Vol. 1/Larchmont Bellamy/Icon",-16455,32x32
Lloobee.png,"Tales of Unknown Space ƒ/Tales of Unknown Space Vol. 1/Lloobee/Icon",-16455,32x32
Nessus.png,"Tales of Unknown Space ƒ/Tales of Unknown Space Vol. 1/Nessus/Icon",-16455,32x32
Outsider.png,"Tales of Unknown Space ƒ/Tales of Unknown Space Vol. 1/Outsider/Icon",-16455,32x32
Rich Mann.png,"Tales of Unknown Space ƒ/Tales of Unknown Space Vol. 1/Rich Mann/Icon",-16455,32x32
Sharrol Janss.png,"Tales of Unknown Space ƒ/Tales of Unknown Space Vol. 1/Sharrol Janss/Icon",-16455,32x32
Sigmund Ausfaller.png,"Tales of Unknown Space ƒ/Tales of Unknown Space Vol. 1/Sigmund Ausfaller/Icon",-16455,32x32
Slaverstudent.png,"Tales of Unknown Space ƒ/Tales of Unknown Space Vol. 1/Slaverstudent/Icon",-16455,32x32
Telepath.png,"Tales of Unknown Space ƒ/Tales of Unknown Space Vol. 1/Telepath/Icon",-16455,32x32
Aircar.png,"Tales of Unknown Space ƒ/Tales of Unknown Space Vol. 2/Aircar/Icon",-16455,32x32
Drunkard's Walk.png,"Tales of Unknown Space ƒ/Tales of Unknown Space Vol. 2/Drunkard's Walk/Icon",-16455,32x32
Explorer.png,"Tales of Unknown Space ƒ/Tales of Unknown Space Vol. 2/Explorer/Icon",-16455,32x32
Long Shot.png,"Tales of Unknown Space ƒ/Tales of Unknown Space Vol. 2/Long Shot/Icon",-16455,32x32
Lying Bastard.png,"Tales of Unknown Space ƒ/Tales of Unknown Space Vol. 2/Lying Bastard/Icon",-16455,32x32
Puppet Master.png,"Tales of Unknown Space ƒ/Tales of Unknown Space Vol. 2/Puppet Master/Icon",-16455,32x32
S.S..png,"Tales of Unknown Space ƒ/Tales of Unknown Space Vol. 2/S.S./Icon",-16455,32x32
Skydiver.png,"Tales of Unknown Space ƒ/Tales of Unknown Space Vol. 2/Skydiver/Icon",-16455,32x32
Traitor's Claw.png,"Tales of Unknown Space ƒ/Tales of Unknown Space Vol. 2/Traitor's Claw/Icon",-16455,32x32
Total Eclipse.png,"Total Eclipse/Icon",-16455,32x32
MacAddict.png,"Total Eclipse/MacAddict/Icon",-16455,32x32
QT.png,"Total Eclipse/QT/Icon",-16455,32x32
aol.png,"Total Eclipse/aol/Icon",-16455,32x32
applications-3.png,"Total Eclipse/applications/Icon",-16455,32x32
army blank.png,"Total Eclipse/army blank/Icon",-16455,32x32
blank.png,"Total Eclipse/blank/Icon",-16455,32x32
blank aqua.png,"Total Eclipse/blank aqua/Icon",-16455,32x32
blank blue.png,"Total Eclipse/blank blue/Icon",-16455,32x32
blank gold.png,"Total Eclipse/blank gold/Icon",-16455,32x32
blank green.png,"Total Eclipse/blank green/Icon",-16455,32x32
blank indego.png,"Total Eclipse/blank indego/Icon",-16455,32x32
blank orange.png,"Total Eclipse/blank orange/Icon",-16455,32x32
blank purple.png,"Total Eclipse/blank purple/Icon",-16455,32x32
blank red.png,"Total Eclipse/blank red/Icon",-16455,32x32
blank tan.png,"Total Eclipse/blank tan/Icon",-16455,32x32
blank white.png,"Total Eclipse/blank white/Icon",-16455,32x32
cd-rom.png,"Total Eclipse/cd-rom/Icon",-16455,32x32
cool stuff.png,"Total Eclipse/cool stuff/Icon",-16455,32x32
finance.png,"Total Eclipse/finance/Icon",-16455,32x32
games-2.png,"Total Eclipse/games/Icon",-16455,32x32
hi-tech.png,"Total Eclipse/hi-tech/Icon",-16455,32x32
icons-2.png,"Total Eclipse/icons/Icon",-16455,32x32
internet-2.png,"Total Eclipse/internet/Icon",-16455,32x32
k schemes1.png,"Total Eclipse/k schemes1/Icon",-16455,32x32
k schemes2.png,"Total Eclipse/k schemes2/Icon",-16455,32x32
lt blue blank.png,"Total Eclipse/lt blue blank/Icon",-16455,32x32
newton.png,"Total Eclipse/newton/Icon",-16455,32x32
sounds-2.png,"Total Eclipse/sounds/Icon",-16455,32x32
system ƒ-4.png,"Total Eclipse/system ƒ/Icon",-16455,32x32
utilites.png,"Total Eclipse/utilites/Icon",-16455,32x32
www apps.png,"Total Eclipse/www apps/Icon",-16455,32x32
4 Way 1.png,"Total Web Elements/4 Way 1/Icon",-16455,32x32
4 Way 2.png,"Total Web Elements/4 Way 2/Icon",-16455,32x32
4 Way 3.png,"Total Web Elements/4 Way 3/Icon",-16455,32x32
4 Way 4.png,"Total Web Elements/4 Way 4/Icon",-16455,32x32
4 Way 5.png,"Total Web Elements/4 Way 5/Icon",-16455,32x32
Alien all.png,"Total Web Elements/Alien all/Icon",-16455,32x32
Alien dwn.png,"Total Web Elements/Alien dwn/Icon",-16455,32x32
Alien lft.png,"Total Web Elements/Alien lft/Icon",-16455,32x32
Alien rt.png,"Total Web Elements/Alien rt/Icon",-16455,32x32
Alien up.png,"Total Web Elements/Alien up/Icon",-16455,32x32
Apple icn.png,"Total Web Elements/Apple icn/Icon",-16455,32x32
BMP 1.png,"Total Web Elements/BMP 1/Icon",-16455,32x32
BMP 2.png,"Total Web Elements/BMP 2/Icon",-16455,32x32
BMP 3.png,"Total Web Elements/BMP 3/Icon",-16455,32x32
BMP 4.png,"Total Web Elements/BMP 4/Icon",-16455,32x32
BMP 5.png,"Total Web Elements/BMP 5/Icon",-16455,32x32
Bar Graph.png,"Total Web Elements/Bar Graph/Icon",-16455,32x32
Big Delivered.png,"Total Web Elements/Big Delivered/Icon",-16455,32x32
Big Site 1.png,"Total Web Elements/Big Site 1/Icon",-16455,32x32
Big Site 2.png,"Total Web Elements/Big Site 2/Icon",-16455,32x32
Big Site 3.png,"Total Web Elements/Big Site 3/Icon",-16455,32x32
Big Site 4.png,"Total Web Elements/Big Site 4/Icon",-16455,32x32
Big Site 5.png,"Total Web Elements/Big Site 5/Icon",-16455,32x32
Blank File 1.png,"Total Web Elements/Blank File 1/Icon",-16455,32x32
Blank File 1a.png,"Total Web Elements/Blank File 1a/Icon",-16455,32x32
Blank File 1b.png,"Total Web Elements/Blank File 1b/Icon",-16455,32x32
Blank File 2.png,"Total Web Elements/Blank File 2/Icon",-16455,32x32
Blank File 2a.png,"Total Web Elements/Blank File 2a/Icon",-16455,32x32
Blank File 2b.png,"Total Web Elements/Blank File 2b/Icon",-16455,32x32
Blank File 3.png,"Total Web Elements/Blank File 3/Icon",-16455,32x32
Blank File 3a.png,"Total Web Elements/Blank File 3a/Icon",-16455,32x32
Blank File 3b.png,"Total Web Elements/Blank File 3b/Icon",-16455,32x32
Blank File 4.png,"Total Web Elements/Blank File 4/Icon",-16455,32x32
Blank File 4a.png,"Total Web Elements/Blank File 4a/Icon",-16455,32x32
Blank File 4b.png,"Total Web Elements/Blank File 4b/Icon",-16455,32x32
Blank File 5.png,"Total Web Elements/Blank File 5/Icon",-16455,32x32
Blank File 5a.png,"Total Web Elements/Blank File 5a/Icon",-16455,32x32
Blank File 5b.png,"Total Web Elements/Blank File 5b/Icon",-16455,32x32
Blue 1.png,"Total Web Elements/Blue 1/Icon",-16455,32x32
Blue 2.png,"Total Web Elements/Blue 2/Icon",-16455,32x32
Blue 3.png,"Total Web Elements/Blue 3/Icon",-16455,32x32
Blue 4.png,"Total Web Elements/Blue 4/Icon",-16455,32x32
Blue 5.png,"Total Web Elements/Blue 5/Icon",-16455,32x32
Blue Blank.png,"Total Web Elements/Blue Blank/Icon",-16455,32x32
Blue Down.png,"Total Web Elements/Blue Down/Icon",-16455,32x32
Blue Left.png,"Total Web Elements/Blue Left/Icon",-16455,32x32
Blue Right.png,"Total Web Elements/Blue Right/Icon",-16455,32x32
Blue Up.png,"Total Web Elements/Blue Up/Icon",-16455,32x32
Branch 1.png,"Total Web Elements/Branch 1/Icon",-16455,32x32
Branch 2.png,"Total Web Elements/Branch 2/Icon",-16455,32x32
Branch 3.png,"Total Web Elements/Branch 3/Icon",-16455,32x32
Branch 4.png,"Total Web Elements/Branch 4/Icon",-16455,32x32
Branch 5.png,"Total Web Elements/Branch 5/Icon",-16455,32x32
CS Gray all.png,"Total Web Elements/CS Gray all/Icon",-16455,32x32
CS Gray dwn.png,"Total Web Elements/CS Gray dwn/Icon",-16455,32x32
CS Gray lft.png,"Total Web Elements/CS Gray lft/Icon",-16455,32x32
CS Gray rt.png,"Total Web Elements/CS Gray rt/Icon",-16455,32x32
CS Gray up.png,"Total Web Elements/CS Gray up/Icon",-16455,32x32
CS Tan all.png,"Total Web Elements/CS Tan all/Icon",-16455,32x32
CS Tan dwn.png,"Total Web Elements/CS Tan dwn/Icon",-16455,32x32
CS Tan lft.png,"Total Web Elements/CS Tan lft/Icon",-16455,32x32
CS Tan rt.png,"Total Web Elements/CS Tan rt/Icon",-16455,32x32
CS Tan up.png,"Total Web Elements/CS Tan up/Icon",-16455,32x32
Construct all.png,"Total Web Elements/Construct all/Icon",-16455,32x32
Construct dwn.png,"Total Web Elements/Construct dwn/Icon",-16455,32x32
Construct lft.png,"Total Web Elements/Construct lft/Icon",-16455,32x32
Construct rt.png,"Total Web Elements/Construct rt/Icon",-16455,32x32
Construct up.png,"Total Web Elements/Construct up/Icon",-16455,32x32
Copland File.png,"Total Web Elements/Copland File/Icon",-16455,32x32
Delivered.png,"Total Web Elements/Delivered/Icon",-16455,32x32
Document-2.png,"Total Web Elements/Document/Icon",-16455,32x32
Documents.png,"Total Web Elements/Documents/Icon",-16455,32x32
Download Graphics.png,"Total Web Elements/Download Graphics/Icon",-16455,32x32
Download Text.png,"Total Web Elements/Download Text/Icon",-16455,32x32
E-Mail 2.png,"Total Web Elements/E-Mail 2/Icon",-16455,32x32
E-mail.png,"Total Web Elements/E-mail/Icon",-16455,32x32
File Type 1.png,"Total Web Elements/File Type 1/Icon",-16455,32x32
File Type 2.png,"Total Web Elements/File Type 2/Icon",-16455,32x32
File w_Badge.png,"Total Web Elements/File w:Badge/Icon",-16455,32x32
GIF 1.png,"Total Web Elements/GIF 1/Icon",-16455,32x32
GIF 2.png,"Total Web Elements/GIF 2/Icon",-16455,32x32
GIF 3.png,"Total Web Elements/GIF 3/Icon",-16455,32x32
GIF 4.png,"Total Web Elements/GIF 4/Icon",-16455,32x32
GIF 5.png,"Total Web Elements/GIF 5/Icon",-16455,32x32
Get Mail-2.png,"Total Web Elements/Get Mail/Icon",-16455,32x32
Gold 1.png,"Total Web Elements/Gold 1/Icon",-16455,32x32
Gold 2.png,"Total Web Elements/Gold 2/Icon",-16455,32x32
Gold 3.png,"Total Web Elements/Gold 3/Icon",-16455,32x32
Gold 4.png,"Total Web Elements/Gold 4/Icon",-16455,32x32
Gold 5.png,"Total Web Elements/Gold 5/Icon",-16455,32x32
Gold all.png,"Total Web Elements/Gold all/Icon",-16455,32x32
Gold dwn.png,"Total Web Elements/Gold dwn/Icon",-16455,32x32
Gold lft.png,"Total Web Elements/Gold lft/Icon",-16455,32x32
Gold rt.png,"Total Web Elements/Gold rt/Icon",-16455,32x32
Gold up.png,"Total Web Elements/Gold up/Icon",-16455,32x32
Gray all.png,"Total Web Elements/Gray all/Icon",-16455,32x32
Gray dwn.png,"Total Web Elements/Gray dwn/Icon",-16455,32x32
Gray lft.png,"Total Web Elements/Gray lft/Icon",-16455,32x32
Gray rt.png,"Total Web Elements/Gray rt/Icon",-16455,32x32
Gray up.png,"Total Web Elements/Gray up/Icon",-16455,32x32
Green 1.png,"Total Web Elements/Green 1/Icon",-16455,32x32
Green 2.png,"Total Web Elements/Green 2/Icon",-16455,32x32
Green 3.png,"Total Web Elements/Green 3/Icon",-16455,32x32
Green 4.png,"Total Web Elements/Green 4/Icon",-16455,32x32
Green 5.png,"Total Web Elements/Green 5/Icon",-16455,32x32
Help-3.png,"Total Web Elements/Help/Icon",-16455,32x32
Home.png,"Total Web Elements/Home/Icon",-16455,32x32
Home 1.png,"Total Web Elements/Home 1/Icon",-16455,32x32
Home 2.png,"Total Web Elements/Home 2/Icon",-16455,32x32
Home 2 2.png,"Total Web Elements/Home 2 2/Icon",-16455,32x32
Home 3.png,"Total Web Elements/Home 3/Icon",-16455,32x32
Home 3 2.png,"Total Web Elements/Home 3 2/Icon",-16455,32x32
Home 4.png,"Total Web Elements/Home 4/Icon",-16455,32x32
Home 5.png,"Total Web Elements/Home 5/Icon",-16455,32x32
JPEG 1.png,"Total Web Elements/JPEG 1/Icon",-16455,32x32
JPEG 2.png,"Total Web Elements/JPEG 2/Icon",-16455,32x32
JPEG 3.png,"Total Web Elements/JPEG 3/Icon",-16455,32x32
JPEG 4.png,"Total Web Elements/JPEG 4/Icon",-16455,32x32
JPEG 5.png,"Total Web Elements/JPEG 5/Icon",-16455,32x32
Java Pot.png,"Total Web Elements/Java Pot/Icon",-16455,32x32
Java1.png,"Total Web Elements/Java1/Icon",-16455,32x32
Java2.png,"Total Web Elements/Java2/Icon",-16455,32x32
Java3.png,"Total Web Elements/Java3/Icon",-16455,32x32
Letter-2.png,"Total Web Elements/Letter/Icon",-16455,32x32
Line Graph.png,"Total Web Elements/Line Graph/Icon",-16455,32x32
Links.png,"Total Web Elements/Links/Icon",-16455,32x32
Links 2.png,"Total Web Elements/Links 2/Icon",-16455,32x32
Milk.png,"Total Web Elements/Milk/Icon",-16455,32x32
Modern all.png,"Total Web Elements/Modern all/Icon",-16455,32x32
Modern dwn.png,"Total Web Elements/Modern dwn/Icon",-16455,32x32
Modern lft.png,"Total Web Elements/Modern lft/Icon",-16455,32x32
Modern rt.png,"Total Web Elements/Modern rt/Icon",-16455,32x32
Modern up.png,"Total Web Elements/Modern up/Icon",-16455,32x32
New.png,"Total Web Elements/New/Icon",-16455,32x32
New 2.png,"Total Web Elements/New 2/Icon",-16455,32x32
New 3.png,"Total Web Elements/New 3/Icon",-16455,32x32
News.png,"Total Web Elements/News/Icon",-16455,32x32
Next.png,"Total Web Elements/Next/Icon",-16455,32x32
Next 2.png,"Total Web Elements/Next 2/Icon",-16455,32x32
Next 3.png,"Total Web Elements/Next 3/Icon",-16455,32x32
Next 4.png,"Total Web Elements/Next 4/Icon",-16455,32x32
PICT 1.png,"Total Web Elements/PICT 1/Icon",-16455,32x32
PICT 2.png,"Total Web Elements/PICT 2/Icon",-16455,32x32
PICT 3.png,"Total Web Elements/PICT 3/Icon",-16455,32x32
PICT 4.png,"Total Web Elements/PICT 4/Icon",-16455,32x32
PICT 5.png,"Total Web Elements/PICT 5/Icon",-16455,32x32
Pie Chart.png,"Total Web Elements/Pie Chart/Icon",-16455,32x32
Previous.png,"Total Web Elements/Previous/Icon",-16455,32x32
Previous 2.png,"Total Web Elements/Previous 2/Icon",-16455,32x32
Previous 3.png,"Total Web Elements/Previous 3/Icon",-16455,32x32
Previous 4.png,"Total Web Elements/Previous 4/Icon",-16455,32x32
Red all.png,"Total Web Elements/Red all/Icon",-16455,32x32
Red dwn.png,"Total Web Elements/Red dwn/Icon",-16455,32x32
Red lft.png,"Total Web Elements/Red lft/Icon",-16455,32x32
Red rt.png,"Total Web Elements/Red rt/Icon",-16455,32x32
Red up.png,"Total Web Elements/Red up/Icon",-16455,32x32
Rose 1.png,"Total Web Elements/Rose 1/Icon",-16455,32x32
Rose 2.png,"Total Web Elements/Rose 2/Icon",-16455,32x32
Rose 3.png,"Total Web Elements/Rose 3/Icon",-16455,32x32
Rose 4.png,"Total Web Elements/Rose 4/Icon",-16455,32x32
Rose 5.png,"Total Web Elements/Rose 5/Icon",-16455,32x32
Sci-fi all.png,"Total Web Elements/Sci-fi all/Icon",-16455,32x32
Sci-fi dwn.png,"Total Web Elements/Sci-fi dwn/Icon",-16455,32x32
Sci-fi lft.png,"Total Web Elements/Sci-fi lft/Icon",-16455,32x32
Sci-fi rt.png,"Total Web Elements/Sci-fi rt/Icon",-16455,32x32
Sci-fi up.png,"Total Web Elements/Sci-fi up/Icon",-16455,32x32
Scroll Down.png,"Total Web Elements/Scroll Down/Icon",-16455,32x32
Scroll Down 2.png,"Total Web Elements/Scroll Down 2/Icon",-16455,32x32
Scroll Up.png,"Total Web Elements/Scroll Up/Icon",-16455,48x48
Scroll Up 2.png,"Total Web Elements/Scroll Up 2/Icon",-16455,32x32
Send.png,"Total Web Elements/Send/Icon",-16455,32x32
Send Mail.png,"Total Web Elements/Send Mail/Icon",-16455,32x32
Send Mail 2.png,"Total Web Elements/Send Mail 2/Icon",-16455,32x32
Send Multiple.png,"Total Web Elements/Send Multiple/Icon",-16455,32x32
Send Multiple 2.png,"Total Web Elements/Send Multiple 2/Icon",-16455,32x32
Sound Set.png,"Total Web Elements/Sound Set/Icon",-16455,32x32
Stuff.png,"Total Web Elements/Stuff/Icon",-16455,32x32
Subscribe.png,"Total Web Elements/Subscribe/Icon",-16455,32x32
Superhighway.png,"Total Web Elements/Superhighway/Icon",-16455,32x32
TIFF 1.png,"Total Web Elements/TIFF 1/Icon",-16455,32x32
TIFF 2.png,"Total Web Elements/TIFF 2/Icon",-16455,32x32
TIFF 3.png,"Total Web Elements/TIFF 3/Icon",-16455,32x32
TIFF 4.png,"Total Web Elements/TIFF 4/Icon",-16455,32x32
TIFF 5.png,"Total Web Elements/TIFF 5/Icon",-16455,32x32
Tri-Page 1.png,"Total Web Elements/Tri-Page 1/Icon",-16455,32x32
Tri-Page 1a.png,"Total Web Elements/Tri-Page 1a/Icon",-16455,32x32
Tri-Page 2.png,"Total Web Elements/Tri-Page 2/Icon",-16455,32x32
Tri-Page 2a.png,"Total Web Elements/Tri-Page 2a/Icon",-16455,32x32
Tri-Page 3.png,"Total Web Elements/Tri-Page 3/Icon",-16455,32x32
Tri-Page 3a.png,"Total Web Elements/Tri-Page 3a/Icon",-16455,32x32
Tri-Page 4.png,"Total Web Elements/Tri-Page 4/Icon",-16455,32x32
Tri-Page 4a.png,"Total Web Elements/Tri-Page 4a/Icon",-16455,32x32
Tri-Page 5.png,"Total Web Elements/Tri-Page 5/Icon",-16455,32x32
Tri-Page 5a.png,"Total Web Elements/Tri-Page 5a/Icon",-16455,32x32
Upload Graphics.png,"Total Web Elements/Upload Graphics/Icon",-16455,32x32
Upload Text.png,"Total Web Elements/Upload Text/Icon",-16455,32x32
Violet 1.png,"Total Web Elements/Violet 1/Icon",-16455,32x32
Violet 2.png,"Total Web Elements/Violet 2/Icon",-16455,32x32
Violet 3.png,"Total Web Elements/Violet 3/Icon",-16455,32x32
Violet 4.png,"Total Web Elements/Violet 4/Icon",-16455,32x32
Violet 5.png,"Total Web Elements/Violet 5/Icon",-16455,32x32
Wavy all.png,"Total Web Elements/Wavy all/Icon",-16455,32x32
Wavy dwn.png,"Total Web Elements/Wavy dwn/Icon",-16455,32x32
Wavy lft.png,"Total Web Elements/Wavy lft/Icon",-16455,32x32
Wavy rt.png,"Total Web Elements/Wavy rt/Icon",-16455,32x32
Wavy up.png,"Total Web Elements/Wavy up/Icon",-16455,32x32
Web Path.png,"Total Web Elements/Web Path/Icon",-16455,32x32
Web Reports.png,"Total Web Elements/Web Reports/Icon",-16455,32x32
about mac.png,"Total Web Elements/about mac/Icon",-16455,32x32
aqua1.png,"Total Web Elements/aqua1/Icon",-16455,32x32
aqua10.png,"Total Web Elements/aqua10/Icon",-16455,32x32
aqua2.png,"Total Web Elements/aqua2/Icon",-16455,32x32
aqua3.png,"Total Web Elements/aqua3/Icon",-16455,32x32
aqua4.png,"Total Web Elements/aqua4/Icon",-16455,32x32
aqua5.png,"Total Web Elements/aqua5/Icon",-16455,32x32
aqua6.png,"Total Web Elements/aqua6/Icon",-16455,32x32
aqua7.png,"Total Web Elements/aqua7/Icon",-16455,32x32
aqua8.png,"Total Web Elements/aqua8/Icon",-16455,32x32
aqua9.png,"Total Web Elements/aqua9/Icon",-16455,32x32
audio.png,"Total Web Elements/audio/Icon",-16455,32x32
bg danger.png,"Total Web Elements/bg danger/Icon",-16455,32x32
blue1.png,"Total Web Elements/blue1/Icon",-16455,32x32
blue10.png,"Total Web Elements/blue10 /Icon",-16455,32x32
blue13.png,"Total Web Elements/blue13/Icon",-16455,32x32
blue18.png,"Total Web Elements/blue18/Icon",-16455,32x32
blue2.png,"Total Web Elements/blue2/Icon",-16455,32x32
blue3.png,"Total Web Elements/blue3/Icon",-16455,32x32
blue4.png,"Total Web Elements/blue4/Icon",-16455,32x32
blue5.png,"Total Web Elements/blue5/Icon",-16455,32x32
blue6.png,"Total Web Elements/blue6/Icon",-16455,32x32
blue7.png,"Total Web Elements/blue7/Icon",-16455,32x32
blue8.png,"Total Web Elements/blue8/Icon",-16455,32x32
blue9.png,"Total Web Elements/blue9/Icon",-16455,32x32
bulk mail.png,"Total Web Elements/bulk mail/Icon",-16455,32x32
check box.png,"Total Web Elements/check box/Icon",-16455,32x32
check box2.png,"Total Web Elements/check box2/Icon",-16455,32x32
companies.png,"Total Web Elements/companies/Icon",-16455,32x32
connected.png,"Total Web Elements/connected/Icon",-16455,32x32
do-dadd.png,"Total Web Elements/do-dadd/Icon",-16455,32x32
do-dadd2.png,"Total Web Elements/do-dadd2/Icon",-16455,32x32
files.png,"Total Web Elements/files/Icon",-16455,32x32
global chip.png,"Total Web Elements/global chip/Icon",-16455,32x32
globe-2.png,"Total Web Elements/globe/Icon",-16455,32x32
group-2.png,"Total Web Elements/group/Icon",-16455,32x32
intellidiv.png,"Total Web Elements/intellidiv/Icon",-16455,32x32
intellilink.png,"Total Web Elements/intellilink/Icon",-16455,32x32
lft.png,"Total Web Elements/lft/Icon",-16455,32x32
lft 2.png,"Total Web Elements/lft 2/Icon",-16455,32x32
lft 3.png,"Total Web Elements/lft 3/Icon",-16455,32x32
links1.png,"Total Web Elements/links1/Icon",-16455,32x32
links10.png,"Total Web Elements/links10/Icon",-16455,32x32
links11.png,"Total Web Elements/links11/Icon",-16455,32x32
links2.png,"Total Web Elements/links2/Icon",-16455,32x32
links3.png,"Total Web Elements/links3/Icon",-16455,32x32
links4.png,"Total Web Elements/links4/Icon",-16455,32x32
links5.png,"Total Web Elements/links5/Icon",-16455,32x32
links6.png,"Total Web Elements/links6/Icon",-16455,32x32
links7.png,"Total Web Elements/links7/Icon",-16455,32x32
links8.png,"Total Web Elements/links8/Icon",-16455,32x32
links9.png,"Total Web Elements/links9/Icon",-16455,32x32
nav10.png,"Total Web Elements/nav10/Icon",-16455,32x32
nav11.png,"Total Web Elements/nav11/Icon",-16455,32x32
nav12.png,"Total Web Elements/nav12/Icon",-16455,32x32
nav13.png,"Total Web Elements/nav13/Icon",-16455,32x32
nav14.png,"Total Web Elements/nav14/Icon",-16455,32x32
nav2.png,"Total Web Elements/nav2/Icon",-16455,32x32
nav3.png,"Total Web Elements/nav3/Icon",-16455,32x32
nav4.png,"Total Web Elements/nav4/Icon",-16455,32x32
nav5.png,"Total Web Elements/nav5/Icon",-16455,32x32
nav6.png,"Total Web Elements/nav6/Icon",-16455,32x32
nav7.png,"Total Web Elements/nav7/Icon",-16455,32x32
nav8.png,"Total Web Elements/nav8/Icon",-16455,32x32
nav9.png,"Total Web Elements/nav9/Icon",-16455,32x32
navigator.png,"Total Web Elements/navigator/Icon",-16455,32x32
panel1.png,"Total Web Elements/panel1/Icon",-16455,32x32
panel2.png,"Total Web Elements/panel2/Icon",-16455,32x32
panel3.png,"Total Web Elements/panel3/Icon",-16455,32x32
plasma screen.png,"Total Web Elements/plasma screen/Icon",-16455,32x32
plugged 2.png,"Total Web Elements/plugged 2/Icon",-16455,32x32
plugged in.png,"Total Web Elements/plugged in/Icon",-16455,32x32
rd arrows.png,"Total Web Elements/rd arrows/Icon",-16455,32x32
red1.png,"Total Web Elements/red1/Icon",-16455,32x32
red10.png,"Total Web Elements/red10/Icon",-16455,32x32
red13.png,"Total Web Elements/red13/Icon",-16455,32x32
red2.png,"Total Web Elements/red2/Icon",-16455,32x32
red3.png,"Total Web Elements/red3/Icon",-16455,32x32
red4.png,"Total Web Elements/red4/Icon",-16455,32x32
red5.png,"Total Web Elements/red5/Icon",-16455,32x32
red7.png,"Total Web Elements/red7/Icon",-16455,32x32
red8.png,"Total Web Elements/red8/Icon",-16455,32x32
red9.png,"Total Web Elements/red9/Icon",-16455,32x32
rt.png,"Total Web Elements/rt/Icon",-16455,32x32
rt 2.png,"Total Web Elements/rt 2/Icon",-16455,32x32
rt 3.png,"Total Web Elements/rt 3/Icon",-16455,32x32
sm danger.png,"Total Web Elements/sm danger/Icon",-16455,32x32
sm danger2.png,"Total Web Elements/sm danger2/Icon",-16455,32x32
sm globe.png,"Total Web Elements/sm globe/Icon",-16455,32x32
stop1.png,"Total Web Elements/stop1/Icon",-16455,32x32
stop2.png,"Total Web Elements/stop2/Icon",-16455,32x32
user groups.png,"Total Web Elements/user groups/Icon",-16455,32x32
user1.png,"Total Web Elements/user1/Icon",-16455,32x32
user2.png,"Total Web Elements/user2/Icon",-16455,32x32
user3.png,"Total Web Elements/user3/Icon",-16455,32x32
users.png,"Total Web Elements/users/Icon",-16455,32x32
wd arrows.png,"Total Web Elements/wd arrows/Icon",-16455,32x32
web tv.png,"Total Web Elements/web tv/Icon",-16455,32x32
widget1.png,"Total Web Elements/widget1/Icon",-16455,32x32
Bomb 2.png,"Toy Factory/Bomb 2/Icon",-16455,32x32
Bomb King.png,"Toy Factory/Bomb King/Icon",-16455,32x32
Cart.png,"Toy Factory/Cart/Icon",-16455,32x32
Cherry!.png,"Toy Factory/Cherry!/Icon",-16455,32x32
Frog.png,"Toy Factory/Frog/Icon",-16455,32x32
Galaga.png,"Toy Factory/Galaga/Icon",-16455,32x32
GameBoy1.png,"Toy Factory/GameBoy1/Icon",-16455,32x32
GameBoy3.png,"Toy Factory/GameBoy3/Icon",-16455,32x32
GameBoy4.png,"Toy Factory/GameBoy4/Icon",-16455,32x32
GameBoy5.png,"Toy Factory/GameBoy5/Icon",-16455,32x32
Invader1.png,"Toy Factory/Invader1/Icon",-16455,32x32
Invader1B.png,"Toy Factory/Invader1B/Icon",-16455,32x32
Invader2.png,"Toy Factory/Invader2/Icon",-16455,32x32
Invader3.png,"Toy Factory/Invader3/Icon",-16455,32x32
Mario.png,"Toy Factory/Mario/Icon",-16455,32x32
N64 Unit.png,"Toy Factory/N64 Unit/Icon",-16455,32x32
N64 logo.png,"Toy Factory/N64 logo/Icon",-16455,32x32
N64-1.png,"Toy Factory/N64-1/Icon",-16455,32x32
N64-2.png,"Toy Factory/N64-2/Icon",-16455,32x32
N64-3.png,"Toy Factory/N64-3/Icon",-16455,32x32
N64-4.png,"Toy Factory/N64-4/Icon",-16455,32x32
N64-5.png,"Toy Factory/N64-5/Icon",-16455,32x32
N64-6.png,"Toy Factory/N64-6/Icon",-16455,32x32
Psygnosis.png,"Toy Factory/Psygnosis/Icon",-16455,32x32
Sonic.png,"Toy Factory/Sonic/Icon",-16455,32x32
Warhawk.png,"Toy Factory/Warhawk/Icon",-16455,32x32
Wipeout1.png,"Toy Factory/Wipeout1/Icon",-16455,32x32
Yellow car.png,"Toy Factory/Yellow car/Icon",-16455,32x32
batwing.png,"Toy Factory/batwing/Icon",-16455,32x32
bomb.png,"Toy Factory/bomb/Icon",-16455,32x32
bug.png,"Toy Factory/bug/Icon",-16455,32x32
cherry.png,"Toy Factory/cherry/Icon",-16455,32x32
coins_life.png,"Toy Factory/coins:life/Icon",-16455,32x32
control play.png,"Toy Factory/control play/Icon",-16455,32x32
flying hat.png,"Toy Factory/flying hat/Icon",-16455,32x32
gameboy2.png,"Toy Factory/gameboy2/Icon",-16455,32x32
ghost-2.png,"Toy Factory/ghost/Icon",-16455,32x32
happy Flash.png,"Toy Factory/happy Flash/Icon",-16455,32x32
liquidmetal.png,"Toy Factory/liquidmetal/Icon",-16455,32x32
mushroom.png,"Toy Factory/mushroom/Icon",-16455,32x32
pacman.png,"Toy Factory/pacman/Icon",-16455,32x32
playstation.png,"Toy Factory/playstation/Icon",-16455,32x32
power pill.png,"Toy Factory/power pill/Icon",-16455,32x32
ps logo.png,"Toy Factory/ps logo/Icon",-16455,32x32
red car.png,"Toy Factory/red car/Icon",-16455,32x32
sad Flash.png,"Toy Factory/sad Flash/Icon",-16455,32x32
shield.png,"Toy Factory/shield/Icon",-16455,32x32
ship1.png,"Toy Factory/ship1/Icon",-16455,32x32
ship2.png,"Toy Factory/ship2/Icon",-16455,32x32
strawberry-2.png,"Toy Factory/strawberry/Icon",-16455,32x32
transparent.png,"Toy Factory/transparent/Icon",-16455,32x32
watermelon.png,"Toy Factory/watermelon/Icon",-16455,32x32
Bonecrusher.png,"Transformers/Bonecrusher/Icon",-16455,32x32
Bruticus.png,"Transformers/Bruticus/Icon",-16455,32x32
Cerebros.png,"Transformers/Cerebros/Icon",-16455,32x32
Cliffjumper.png,"Transformers/Cliffjumper/Icon",-16455,32x32
Counterpunch.png,"Transformers/Counterpunch/Icon",-16455,32x32
Devistator.png,"Transformers/Devistator/Icon",-16455,32x32
Evil Decepticons.png,"Transformers/Evil Decepticons/Icon",-16455,32x32
Frenzy.png,"Transformers/Frenzy/Icon",-16455,32x32
Galvatron.png,"Transformers/Galvatron/Icon",-16455,32x32
Goldbug.png,"Transformers/Goldbug/Icon",-16455,32x32
Grimlock.png,"Transformers/Grimlock/Icon",-16455,32x32
Heroic Autobots.png,"Transformers/Heroic Autobots/Icon",-16455,32x32
Hook.png,"Transformers/Hook/Icon",-16455,32x32
Hotrod.png,"Transformers/Hotrod/Icon",-16455,32x32
Huffer.png,"Transformers/Huffer/Icon",-16455,32x32
Ironhide.png,"Transformers/Ironhide/Icon",-16455,32x32
Jazz.png,"Transformers/Jazz/Icon",-16455,32x32
Kup.png,"Transformers/Kup/Icon",-16455,32x32
Megatron.png,"Transformers/Megatron/Icon",-16455,32x32
Omega Supreme.png,"Transformers/Omega Supreme/Icon",-16455,32x32
Optimus Prime.png,"Transformers/Optimus Prime/Icon",-16455,32x32
Razorclaw.png,"Transformers/Razorclaw/Icon",-16455,32x32
Rodimus Prime.png,"Transformers/Rodimus Prime/Icon",-16455,32x32
Shockwave.png,"Transformers/Shockwave/Icon",-16455,32x32
Shrapnel.png,"Transformers/Shrapnel/Icon",-16455,32x32
Soundwave.png,"Transformers/Soundwave/Icon",-16455,32x32
Springer.png,"Transformers/Springer/Icon",-16455,32x32
Starscream.png,"Transformers/Starscream/Icon",-16455,32x32
Swoop.png,"Transformers/Swoop/Icon",-16455,32x32
Ultra Magnus.png,"Transformers/Ultra Magnus/Icon",-16455,32x32
Ace.png,"Ultraman/Ace/Icon",-16455,32x32
Ace Killer.png,"Ultraman/Ace Killer/Icon",-16455,32x32
Astra.png,"Ultraman/Astra/Icon",-16455,32x32
Bakishim.png,"Ultraman/Bakishim/Icon",-16455,32x32
Baltan (alien).png,"Ultraman/Baltan (alien)/Icon",-16455,32x32
Bemster.png,"Ultraman/Bemster/Icon",-16455,32x32
Black King.png,"Ultraman/Black King/Icon",-16455,32x32
Dada (alien).png,"Ultraman/Dada (alien)/Icon",-16455,32x32
Eleking.png,"Ultraman/Eleking/Icon",-16455,32x32
Genius.png,"Ultraman/Genius/Icon",-16455,32x32
Gigas.png,"Ultraman/Gigas/Icon",-16455,32x32
Godora (alien).png,"Ultraman/Godora (alien)/Icon",-16455,32x32
Gomora.png,"Ultraman/Gomora/Icon",-16455,32x32
Great01.png,"Ultraman/Great01/Icon",-16455,32x32
Gudon.png,"Ultraman/Gudon/Icon",-16455,32x32
Guts (alien).png,"Ultraman/Guts (alien)/Icon",-16455,32x32
Hipporito.png,"Ultraman/Hipporito/Icon",-16455,32x32
Icarus.png,"Ultraman/Icarus/Icon",-16455,32x32
Kanegon.png,"Ultraman/Kanegon/Icon",-16455,32x32
King.png,"Ultraman/King/Icon",-16455,32x32
King Joe.png,"Ultraman/King Joe/Icon",-16455,32x32
Leo.png,"Ultraman/Leo/Icon",-16455,32x32
Mefilias (alien).png,"Ultraman/Mefilias (alien)/Icon",-16455,32x32
Mikuras.png,"Ultraman/Mikuras/Icon",-16455,32x32
Neos.png,"Ultraman/Neos/Icon",-16455,32x32
Pegasus (alien).png,"Ultraman/Pegasus (alien)/Icon",-16455,32x32
Power 1.png,"Ultraman/Power 1/Icon",-16455,32x32
Red King.png,"Ultraman/Red King/Icon",-16455,32x32
Seagoras.png,"Ultraman/Seagoras/Icon",-16455,32x32
Taro.png,"Ultraman/Taro/Icon",-16455,32x32
Tenpeler (alien).png,"Ultraman/Tenpeler (alien)/Icon",-16455,32x32
Tiga.png,"Ultraman/Tiga/Icon",-16455,32x32
Tyrant.png,"Ultraman/Tyrant/Icon",-16455,32x32
Ultraseven.png,"Ultraman/Ultraseven/Icon",-16455,32x32
Zarob (alien).png,"Ultraman/Zarob (alien)/Icon",-16455,32x32
Zearth.png,"Ultraman/Zearth/Icon",-16455,32x32
Zetton (alien).png,"Ultraman/Zetton (alien)/Icon",-16455,32x32
Zoffy.png,"Ultraman/Zoffy/Icon",-16455,32x32
father.png,"Ultraman/father/Icon",-16455,32x32
jack.png,"Ultraman/jack/Icon",-16455,32x32
mother.png,"Ultraman/mother/Icon",-16455,32x32
ultraman80.png,"Ultraman/ultraman80/Icon",-16455,32x32
ultraseven21.png,"Ultraman/ultraseven21/Icon",-16455,32x32
Feathers Face.png,"Wallace & Gromit/Feathers Face/Icon",-16455,32x32
Feathers McGraw.png,"Wallace & Gromit/Feathers McGraw/Icon",-16455,32x32
Gromit.png,"Wallace & Gromit/Gromit/Icon",-16455,32x32
Gromit Folder.png,"Wallace & Gromit/Gromit Folder/Icon",-16455,32x32
Gromit Surprised.png,"Wallace & Gromit/Gromit Surprised/Icon",-16455,32x32
Preston.png,"Wallace & Gromit/Preston/Icon",-16455,32x32
Robot Preston.png,"Wallace & Gromit/Robot Preston/Icon",-16455,32x32
Rocket.png,"Wallace & Gromit/Rocket/Icon",-16455,32x32
Shaun.png,"Wallace & Gromit/Shaun/Icon",-16455,32x32
Techno-trousers.png,"Wallace & Gromit/Techno-trousers/Icon",-16455,32x32
Wallace.png,"Wallace & Gromit/Wallace/Icon",-16455,32x32
Wendolene Ramsbottom.png,"Wallace & Gromit/Wendolene Ramsbottom/Icon",-16455,32x32
App Support.png,"Wave OS/App Support/Icon",-16455,32x32
Apple Menu-3.png,"Wave OS/Apple Menu/Icon",-16455,32x32
Battery.png,"Wave OS/Battery/Icon",-16455,32x32
Blank 1.png,"Wave OS/Blank 1/Icon",-16455,32x32
Blank 2.png,"Wave OS/Blank 2/Icon",-16455,32x32
Blank 2b.png,"Wave OS/Blank 2b/Icon",-16455,32x32
Blank 3.png,"Wave OS/Blank 3/Icon",-16455,32x32
Blank 3b.png,"Wave OS/Blank 3b/Icon",-16455,32x32
Blank 4.png,"Wave OS/Blank 4/Icon",-16455,32x32
Blank 4b.png,"Wave OS/Blank 4b/Icon",-16455,32x32
Blank 5.png,"Wave OS/Blank 5/Icon",-16455,32x32
Blank 5b.png,"Wave OS/Blank 5b/Icon",-16455,32x32
Blank 6.png,"Wave OS/Blank 6/Icon",-16455,32x32
Blank 6b.png,"Wave OS/Blank 6b/Icon",-16455,32x32
ClipBoard-4.png,"Wave OS/ClipBoard/Icon",-16455,32x32
Contextual.png,"Wave OS/Contextual/Icon",-16455,32x32
Control Panel.png,"Wave OS/Control Panel/Icon",-16455,32x32
Control Strip Modules-2.png,"Wave OS/Control Strip Modules/Icon",-16455,32x32
Disable Control.png,"Wave OS/Disable Control/Icon",-16455,32x32
Disable Sys Ext.png,"Wave OS/Disable Sys Ext/Icon",-16455,32x32
Disable ext.png,"Wave OS/Disable ext/Icon",-16455,32x32
Disable startup.png,"Wave OS/Disable startup/Icon",-16455,32x32
Extension-2.png,"Wave OS/Extension/Icon",-16455,32x32
Finder-4.png,"Wave OS/Finder/Icon",-16455,32x32
Fonts-4.png,"Wave OS/Fonts/Icon",-16455,32x32
IN Folder.png,"Wave OS/IN Folder/Icon",-16455,32x32
OUT Folder.png,"Wave OS/OUT Folder/Icon",-16455,32x32
Plug-in.png,"Wave OS/Plug-in/Icon",-16455,32x32
Preference.png,"Wave OS/Preference/Icon",-16455,32x32
Scrapbook-2.png,"Wave OS/Scrapbook/Icon",-16455,32x32
Scripting Add.png,"Wave OS/Scripting Add/Icon",-16455,32x32
Shared Folder-2.png,"Wave OS/Shared Folder/Icon",-16455,32x32
Shared Folder 2.png,"Wave OS/Shared Folder 2/Icon",-16455,32x32
Startup-2.png,"Wave OS/Startup/Icon",-16455,32x32
Sys folder.png,"Wave OS/Sys folder/Icon",-16455,32x32
Trash Alt Empty.png,"Wave OS/Trash Alt Empty/Icon",-16455,32x32
Trash Alt Full.png,"Wave OS/Trash Alt Full/Icon",-16455,32x32
Trash Empty-7.png,"Wave OS/Trash Empty/Icon",-16455,32x32
Trash Full-7.png,"Wave OS/Trash Full/Icon",-16455,32x32
system-2.png,"Wave OS/system/Icon",-16455,32x32
iMac 02.png,"What if Macs/iMac 02/Icon",-16455,32x32
iMac 03.png,"What if Macs/iMac 03/Icon",-16455,32x32
iMac 04.png,"What if Macs/iMac 04/Icon",-16455,32x32
iMac 05.png,"What if Macs/iMac 05/Icon",-16455,32x32
iMac 06.png,"What if Macs/iMac 06/Icon",-16455,32x32
iMac 07.png,"What if Macs/iMac 07/Icon",-16455,32x32
iMac 08.png,"What if Macs/iMac 08/Icon",-16455,32x32
iMac 09.png,"What if Macs/iMac 09/Icon",-16455,32x32
iMac 10.png,"What if Macs/iMac 10/Icon",-16455,32x32
iMac 11.png,"What if Macs/iMac 11/Icon",-16455,32x32
iMac 12.png,"What if Macs/iMac 12/Icon",-16455,32x32
iMac 13.png,"What if Macs/iMac 13/Icon",-16455,32x32
VCR.png,"World of Copland ƒ/World of Copland 1/VCR/Icon",-16455,32x32
bankersLamp.png,"World of Copland ƒ/World of Copland 1/bankersLamp/Icon",-16455,32x32
bl book.png,"World of Copland ƒ/World of Copland 1/bl book/Icon",-16455,32x32
bl disc.png,"World of Copland ƒ/World of Copland 1/bl disc/Icon",-16455,32x32
bl textured.png,"World of Copland ƒ/World of Copland 1/bl textured/Icon",-16455,32x32
blk disc.png,"World of Copland ƒ/World of Copland 1/blk disc/Icon",-16455,32x32
calculator-2.png,"World of Copland ƒ/World of Copland 1/calculator/Icon",-16455,32x32
card.png,"World of Copland ƒ/World of Copland 1/card/Icon",-16455,32x32
casette.png,"World of Copland ƒ/World of Copland 1/casette/Icon",-16455,32x32
cdrom.png,"World of Copland ƒ/World of Copland 1/cdrom/Icon",-16455,32x32
cheap casette.png,"World of Copland ƒ/World of Copland 1/cheap casette/Icon",-16455,32x32
construction-3.png,"World of Copland ƒ/World of Copland 1/construction/Icon",-16455,32x32
diskettes.png,"World of Copland ƒ/World of Copland 1/diskettes/Icon",-16455,32x32
diskw_ƒ.png,"World of Copland ƒ/World of Copland 1/diskw:ƒ/Icon",-16455,32x32
docking bay ƒ.png,"World of Copland ƒ/World of Copland 1/docking bay ƒ /Icon",-16455,32x32
fried rice.png,"World of Copland ƒ/World of Copland 1/fried rice/Icon",-16455,32x32
gn disc.png,"World of Copland ƒ/World of Copland 1/gn disc/Icon",-16455,32x32
hi 8.png,"World of Copland ƒ/World of Copland 1/hi 8/Icon",-16455,32x32
leather bound.png,"World of Copland ƒ/World of Copland 1/leather bound/Icon",-16455,32x32
mac classic-2.png,"World of Copland ƒ/World of Copland 1/mac classic/Icon",-16455,32x32
mailbox ƒ.png,"World of Copland ƒ/World of Copland 1/mailbox ƒ/Icon",-16455,32x32
microwave.png,"World of Copland ƒ/World of Copland 1/microwave/Icon",-16455,32x32
moving van-2.png,"World of Copland ƒ/World of Copland 1/moving van/Icon",-16455,32x32
newTV.png,"World of Copland ƒ/World of Copland 1/newTV/Icon",-16455,32x32
oldTV.png,"World of Copland ƒ/World of Copland 1/oldTV/Icon",-16455,32x32
padlock.png,"World of Copland ƒ/World of Copland 1/padlock/Icon",-16455,32x32
post-it.png,"World of Copland ƒ/World of Copland 1/post-it/Icon",-16455,32x32
ppc chip.png,"World of Copland ƒ/World of Copland 1/ppc chip/Icon",-16455,32x32
rd book.png,"World of Copland ƒ/World of Copland 1/rd book/Icon",-16455,32x32
rd disc.png,"World of Copland ƒ/World of Copland 1/rd disc/Icon",-16455,32x32
rd textured.png,"World of Copland ƒ/World of Copland 1/rd textured/Icon",-16455,32x32
reverse.png,"World of Copland ƒ/World of Copland 1/reverse/Icon",-16455,32x32
rubik's mixed.png,"World of Copland ƒ/World of Copland 1/rubik's mixed/Icon",-16455,32x32
rubik's solved.png,"World of Copland ƒ/World of Copland 1/rubik's solved/Icon",-16455,32x32
simm.png,"World of Copland ƒ/World of Copland 1/simm/Icon",-16455,32x32
suggestions.png,"World of Copland ƒ/World of Copland 1/suggestions/Icon",-16455,32x32
syquest.png,"World of Copland ƒ/World of Copland 1/syquest/Icon",-16455,32x32
tardis.png,"World of Copland ƒ/World of Copland 1/tardis/Icon",-16455,32x32
tower ppc.png,"World of Copland ƒ/World of Copland 1/tower ppc/Icon",-16455,32x32
video stack.png,"World of Copland ƒ/World of Copland 1/video stack/Icon",-16455,32x32
video tape.png,"World of Copland ƒ/World of Copland 1/video tape/Icon",-16455,32x32
yl disc.png,"World of Copland ƒ/World of Copland 1/yl disc/Icon",-16455,32x32
35mm film.png,"World of Copland ƒ/World of Copland 2/35mm film/Icon",-16455,32x32
D.png,"World of Copland ƒ/World of Copland 2/D/Icon",-16455,32x32
Effiel Tower.png,"World of Copland ƒ/World of Copland 2/Effiel Tower/Icon",-16455,32x32
FedEx Box.png,"World of Copland ƒ/World of Copland 2/FedEx Box/Icon",-16455,32x32
FedEx Pak.png,"World of Copland ƒ/World of Copland 2/FedEx Pak/Icon",-16455,32x32
FedEx Truck.png,"World of Copland ƒ/World of Copland 2/FedEx Truck/Icon",-16455,32x32
Flexi-cam.png,"World of Copland ƒ/World of Copland 2/Flexi-cam/Icon",-16455,32x32
Liberty.png,"World of Copland ƒ/World of Copland 2/Liberty/Icon",-16455,32x32
Quickcam™.png,"World of Copland ƒ/World of Copland 2/Quickcam™/Icon",-16455,32x32
Xerox.png,"World of Copland ƒ/World of Copland 2/Xerox/Icon",-16455,32x32
alarm clock.png,"World of Copland ƒ/World of Copland 2/alarm clock/Icon",-16455,32x32
aquarium.png,"World of Copland ƒ/World of Copland 2/aquarium/Icon",-16455,32x32
arriva hd.png,"World of Copland ƒ/World of Copland 2/arriva hd/Icon",-16455,32x32
batteries.png,"World of Copland ƒ/World of Copland 2/batteries/Icon",-16455,32x32
calender.png,"World of Copland ƒ/World of Copland 2/calender/Icon",-16455,32x32
cash register.png,"World of Copland ƒ/World of Copland 2/cash register/Icon",-16455,32x32
coffee maker.png,"World of Copland ƒ/World of Copland 2/coffee maker/Icon",-16455,32x32
cordless.png,"World of Copland ƒ/World of Copland 2/cordless/Icon",-16455,32x32
crate.png,"World of Copland ƒ/World of Copland 2/crate/Icon",-16455,32x32
elmers.png,"World of Copland ƒ/World of Copland 2/elmers/Icon",-16455,32x32
etch-a-sketch-2.png,"World of Copland ƒ/World of Copland 2/etch-a-sketch/Icon",-16455,32x32
fax  machine.png,"World of Copland ƒ/World of Copland 2/fax  machine/Icon",-16455,32x32
key.png,"World of Copland ƒ/World of Copland 2/key/Icon",-16455,32x32
knick knack.png,"World of Copland ƒ/World of Copland 2/knick knack/Icon",-16455,32x32
mail box.png,"World of Copland ƒ/World of Copland 2/mail box/Icon",-16455,32x32
newspaper.png,"World of Copland ƒ/World of Copland 2/newspaper/Icon",-16455,32x32
old key.png,"World of Copland ƒ/World of Copland 2/old key/Icon",-16455,32x32
p.png,"World of Copland ƒ/World of Copland 2/p/Icon",-16455,32x32
pager.png,"World of Copland ƒ/World of Copland 2/pager/Icon",-16455,32x32
paper towels.png,"World of Copland ƒ/World of Copland 2/paper towels/Icon",-16455,32x32
pencil holder.png,"World of Copland ƒ/World of Copland 2/pencil holder/Icon",-16455,32x32
piggy bank-2.png,"World of Copland ƒ/World of Copland 2/piggy bank/Icon",-16455,32x32
postal truck.png,"World of Copland ƒ/World of Copland 2/postal truck/Icon",-16455,32x32
recycle empty.png,"World of Copland ƒ/World of Copland 2/recycle empty/Icon",-16455,32x32
recycle full.png,"World of Copland ƒ/World of Copland 2/recycle full/Icon",-16455,32x32
red tape.png,"World of Copland ƒ/World of Copland 2/red tape/Icon",-16455,32x32
school bus.png,"World of Copland ƒ/World of Copland 2/school bus/Icon",-16455,32x32
taco.png,"World of Copland ƒ/World of Copland 2/taco/Icon",-16455,32x32
ups truck.png,"World of Copland ƒ/World of Copland 2/ups truck/Icon",-16455,32x32
w.png,"World of Copland ƒ/World of Copland 2/w/Icon",-16455,32x32
walkman.png,"World of Copland ƒ/World of Copland 2/walkman/Icon",-16455,32x32
1_2% Milk.png,"World of Copland ƒ/World of Copland 3/1:2% Milk/Icon",-16455,32x32
300 Mhz G3 Minitower.png,"World of Copland ƒ/World of Copland 3/300 Mhz G3 Minitower/Icon",-16455,32x32
ADB.png,"World of Copland ƒ/World of Copland 3/ADB/Icon",-16455,32x32
Apple Studio Display.png,"World of Copland ƒ/World of Copland 3/Apple Studio Display/Icon",-16455,32x32
Award.png,"World of Copland ƒ/World of Copland 3/Award/Icon",-16455,32x32
Blue ZIP.png,"World of Copland ƒ/World of Copland 3/Blue ZIP/Icon",-16455,32x32
Bread.png,"World of Copland ƒ/World of Copland 3/Bread/Icon",-16455,32x32
Bulldozer.png,"World of Copland ƒ/World of Copland 3/Bulldozer/Icon",-16455,32x32
Burning Bunny.png,"World of Copland ƒ/World of Copland 3/Burning Bunny/Icon",-16455,32x32
Cereal.png,"World of Copland ƒ/World of Copland 3/Cereal/Icon",-16455,32x32
Cereal (open).png,"World of Copland ƒ/World of Copland 3/Cereal (open)/Icon",-16455,32x32
Cola.png,"World of Copland ƒ/World of Copland 3/Cola/Icon",-16455,32x32
Copland Clipping.png,"World of Copland ƒ/World of Copland 3/Copland Clipping/Icon",-16455,32x32
Corey & Cynthia's.png,"World of Copland ƒ/World of Copland 3/Corey & Cynthia's/Icon",-16455,32x32
Craig's House.png,"World of Copland ƒ/World of Copland 3/Craig's House/Icon",-16455,32x32
Epson Scanner.png,"World of Copland ƒ/World of Copland 3/Epson Scanner/Icon",-16455,32x32
Fortune Cookie (open me).png,"World of Copland ƒ/World of Copland 3/Fortune Cookie (open me)/Icon",-16455,32x32
Ged & Min's House.png,"World of Copland ƒ/World of Copland 3/Ged & Min's House/Icon",-16455,32x32
Gifts.png,"World of Copland ƒ/World of Copland 3/Gifts/Icon",-16455,32x32
Global Village.png,"World of Copland ƒ/World of Copland 3/Global Village/Icon",-16455,32x32
Gold ZIP.png,"World of Copland ƒ/World of Copland 3/Gold ZIP/Icon",-16455,32x32
Gravis Joystick.png,"World of Copland ƒ/World of Copland 3/Gravis Joystick/Icon",-16455,32x32
Green ZIP.png,"World of Copland ƒ/World of Copland 3/Green ZIP/Icon",-16455,32x32
ID Badge.png,"World of Copland ƒ/World of Copland 3/ID Badge/Icon",-16455,32x32
IceCream Sandwich.png,"World of Copland ƒ/World of Copland 3/IceCream Sandwich/Icon",-16455,32x32
Image file.png,"World of Copland ƒ/World of Copland 3/Image file/Icon",-16455,32x32
Ketchup & Mustard.png,"World of Copland ƒ/World of Copland 3/Ketchup & Mustard/Icon",-16455,32x32
Key Data.png,"World of Copland ƒ/World of Copland 3/Key Data/Icon",-16455,32x32
Merge Sign.png,"World of Copland ƒ/World of Copland 3/Merge Sign/Icon",-16455,32x32
Network Render.png,"World of Copland ƒ/World of Copland 3/Network Render/Icon",-16455,32x32
Palm Pilot.png,"World of Copland ƒ/World of Copland 3/Palm Pilot/Icon",-16455,32x32
Pepper.png,"World of Copland ƒ/World of Copland 3/Pepper/Icon",-16455,32x32
Pict File.png,"World of Copland ƒ/World of Copland 3/Pict File/Icon",-16455,32x32
Plug-In-2.png,"World of Copland ƒ/World of Copland 3/Plug-In/Icon",-16455,32x32
Prefs File-2.png,"World of Copland ƒ/World of Copland 3/Prefs File/Icon",-16455,32x32
Receiver.png,"World of Copland ƒ/World of Copland 3/Receiver/Icon",-16455,32x32
Red ZIP.png,"World of Copland ƒ/World of Copland 3/Red ZIP/Icon",-16455,32x32
Road Cone.png,"World of Copland ƒ/World of Copland 3/Road Cone/Icon",-16455,32x32
Salt.png,"World of Copland ƒ/World of Copland 3/Salt/Icon",-16455,32x32
Shared Library.png,"World of Copland ƒ/World of Copland 3/Shared Library/Icon",-16455,32x32
Snail Ad.png,"World of Copland ƒ/World of Copland 3/Snail Ad/Icon",-16455,32x32
Speaker.png,"World of Copland ƒ/World of Copland 3/Speaker/Icon",-16455,32x32
Stylewriter 2.png,"World of Copland ƒ/World of Copland 3/Stylewriter 2/Icon",-16455,32x32
TNT.png,"World of Copland ƒ/World of Copland 3/TNT/Icon",-16455,32x32
Talos' House-2.png,"World of Copland ƒ/World of Copland 3/Talos' House/Icon",-16455,32x32
Tank.png,"World of Copland ƒ/World of Copland 3/Tank/Icon",-16455,32x32
Temp File.png,"World of Copland ƒ/World of Copland 3/Temp File/Icon",-16455,32x32
Texture File.png,"World of Copland ƒ/World of Copland 3/Texture File/Icon",-16455,32x32
Tool Box.png,"World of Copland ƒ/World of Copland 3/Tool Box/Icon",-16455,32x32
WACOM Tablet.png,"World of Copland ƒ/World of Copland 3/WACOM Tablet/Icon",-16455,32x32
Work Zone.png,"World of Copland ƒ/World of Copland 3/Work Zone/Icon",-16455,32x32
ZIP 5 Pack.png,"World of Copland ƒ/World of Copland 3/ZIP 5 Pack/Icon",-16455,32x32
ZIP Disk.png,"World of Copland ƒ/World of Copland 3/ZIP Disk/Icon",-16455,32x32
w_o shadow.png,"World of Copland ƒ/World of Copland 3/w:o shadow/Icon",-16455,32x32
"""Ice Blue"" Zip.png","World of Copland ƒ/World of Copland 4/""Ice Blue"" Zip/Icon",-16455,32x32
2600 Joystick.png,"World of Copland ƒ/World of Copland 4/2600 Joystick/Icon",-16455,32x32
Anvil.png,"World of Copland ƒ/World of Copland 4/Anvil/Icon",-16455,32x32
Atari 2600.png,"World of Copland ƒ/World of Copland 4/Atari 2600/Icon",-16455,32x32
Binoculars.png,"World of Copland ƒ/World of Copland 4/Binoculars/Icon",-16455,32x32
CCi  ReWritable.png,"World of Copland ƒ/World of Copland 4/CCi  ReWritable/Icon",-16455,32x32
Cheeseburger-2.png,"World of Copland ƒ/World of Copland 4/Cheeseburger/Icon",-16455,32x32
Cinder Block.png,"World of Copland ƒ/World of Copland 4/Cinder Block/Icon",-16455,32x32
Crushing Stinkpad!.png,"World of Copland ƒ/World of Copland 4/Crushing Stinkpad!/Icon",-16455,32x32
Dibella's Sub.png,"World of Copland ƒ/World of Copland 4/Dibella's Sub/Icon",-16455,32x32
Epson 3000.png,"World of Copland ƒ/World of Copland 4/Epson 3000/Icon",-16455,32x32
Epson Photo 700.png,"World of Copland ƒ/World of Copland 4/Epson Photo 700/Icon",-16455,32x32
G-Shock.png,"World of Copland ƒ/World of Copland 4/G-Shock/Icon",-16455,32x32
Hotdog.png,"World of Copland ƒ/World of Copland 4/Hotdog/Icon",-16455,32x32
Imation Disk 1.png,"World of Copland ƒ/World of Copland 4/Imation Disk 1/Icon",-16455,32x32
Imation Disk 2.png,"World of Copland ƒ/World of Copland 4/Imation Disk 2/Icon",-16455,32x32
Imation Disk 3.png,"World of Copland ƒ/World of Copland 4/Imation Disk 3/Icon",-16455,32x32
Imation Disk 4.png,"World of Copland ƒ/World of Copland 4/Imation Disk 4/Icon",-16455,32x32
Imation Disk 5.png,"World of Copland ƒ/World of Copland 4/Imation Disk 5/Icon",-16455,32x32
Imation Disk 6.png,"World of Copland ƒ/World of Copland 4/Imation Disk 6/Icon",-16455,32x32
Imation Disk 7.png,"World of Copland ƒ/World of Copland 4/Imation Disk 7/Icon",-16455,32x32
Imation Disk 8.png,"World of Copland ƒ/World of Copland 4/Imation Disk 8/Icon",-16455,32x32
Note Pad.png,"World of Copland ƒ/World of Copland 4/Note Pad/Icon",-16455,32x32
QuickCam VC.png,"World of Copland ƒ/World of Copland 4/QuickCam VC/Icon",-16455,32x32
Readme File.png,"World of Copland ƒ/World of Copland 4/Readme File/Icon",-16455,32x32
Recycle Bin.png,"World of Copland ƒ/World of Copland 4/Recycle Bin/Icon",-16455,32x32
Recycle Bin (full).png,"World of Copland ƒ/World of Copland 4/Recycle Bin (full)/Icon",-16455,32x32
Red Hot.png,"World of Copland ƒ/World of Copland 4/Red Hot/Icon",-16455,32x32
Safety Helmet.png,"World of Copland ƒ/World of Copland 4/Safety Helmet/Icon",-16455,32x32
Sandwich.png,"World of Copland ƒ/World of Copland 4/Sandwich/Icon",-16455,32x32
Sony Mavica.png,"World of Copland ƒ/World of Copland 4/Sony Mavica/Icon",-16455,32x32
Sony TRV-99.png,"World of Copland ƒ/World of Copland 4/Sony TRV-99/Icon",-16455,32x32
Sony TRV-99 (open).png,"World of Copland ƒ/World of Copland 4/Sony TRV-99 (open)/Icon",-16455,32x32
Sony Zuma Cell Phone.png,"World of Copland ƒ/World of Copland 4/Sony Zuma Cell Phone/Icon",-16455,32x32
SparQ.png,"World of Copland ƒ/World of Copland 4/SparQ/Icon",-16455,32x32
Steamroller.png,"World of Copland ƒ/World of Copland 4/Steamroller/Icon",-16455,32x32
SuperDisk Drive.png,"World of Copland ƒ/World of Copland 4/SuperDisk Drive/Icon",-16455,32x32
Telescope (Reflecting).png,"World of Copland ƒ/World of Copland 4/Telescope (Reflecting)/Icon",-16455,32x32
Telescope (Refracting).png,"World of Copland ƒ/World of Copland 4/Telescope (Refracting)/Icon",-16455,32x32
US Robotics.png,"World of Copland ƒ/World of Copland 4/US Robotics/Icon",-16455,32x32
Welding Mask.png,"World of Copland ƒ/World of Copland 4/Welding Mask/Icon",-16455,32x32
iMac Off.png,"World of Copland ƒ/World of Copland 4/iMac Off/Icon",-16455,32x32
iMac On.png,"World of Copland ƒ/World of Copland 4/iMac On/Icon",-16455,32x32
iMac w_eWorld.png,"World of Copland ƒ/World of Copland 4/iMac w:eWorld/Icon",-16455,32x32
iMouse.png,"World of Copland ƒ/World of Copland 4/iMouse/Icon",-16455,32x32
1200SL-MKII.png,"World of Copland ƒ/World of Copland 5/1200SL-MKII/Icon",-16455,32x32
120mb SuperDisk.png,"World of Copland ƒ/World of Copland 5/120mb SuperDisk/Icon",-16455,32x32
8.png,"World of Copland ƒ/World of Copland 5/8/Icon",-16455,32x32
Big Track.png,"World of Copland ƒ/World of Copland 5/Big Track/Icon",-16455,32x32
Box (closed).png,"World of Copland ƒ/World of Copland 5/Box (closed)/Icon",-16455,32x32
Box (opened).png,"World of Copland ƒ/World of Copland 5/Box (opened)/Icon",-16455,32x32
Crayons.png,"World of Copland ƒ/World of Copland 5/Crayons/Icon",-16455,32x32
Dave's SE30.png,"World of Copland ƒ/World of Copland 5/Dave's SE30/Icon",-16455,32x32
Diary.png,"World of Copland ƒ/World of Copland 5/Diary/Icon",-16455,32x32
DreamCast.png,"World of Copland ƒ/World of Copland 5/DreamCast/Icon",-16455,32x32
Fender Amp.png,"World of Copland ƒ/World of Copland 5/Fender Amp/Icon",-16455,32x32
Foundation _ Masonry.png,"World of Copland ƒ/World of Copland 5/Foundation : Masonry/Icon",-16455,32x32
Generic PC.png,"World of Copland ƒ/World of Copland 5/Generic PC/Icon",-16455,32x32
Globe-3.png,"World of Copland ƒ/World of Copland 5/Globe/Icon",-16455,32x32
Grand Piano.png,"World of Copland ƒ/World of Copland 5/Grand Piano/Icon",-16455,32x32
Hammer.png,"World of Copland ƒ/World of Copland 5/Hammer/Icon",-16455,32x32
HumVee.png,"World of Copland ƒ/World of Copland 5/HumVee/Icon",-16455,32x32
Lab Equipment.png,"World of Copland ƒ/World of Copland 5/Lab Equipment/Icon",-16455,32x32
Larry the Lobster!.png,"World of Copland ƒ/World of Copland 5/Larry the Lobster!/Icon",-16455,32x32
Lava Lamp.png,"World of Copland ƒ/World of Copland 5/Lava Lamp/Icon",-16455,32x32
Le Corbusier Armchair.png,"World of Copland ƒ/World of Copland 5/Le Corbusier Armchair/Icon",-16455,32x32
Life Vest.png,"World of Copland ƒ/World of Copland 5/Life Vest/Icon",-16455,32x32
Major Matt Mason.png,"World of Copland ƒ/World of Copland 5/Major Matt Mason/Icon",-16455,32x32
Mazinger Z Die Cast.png,"World of Copland ƒ/World of Copland 5/Mazinger Z Die Cast/Icon",-16455,32x32
Microwave-2.png,"World of Copland ƒ/World of Copland 5/Microwave/Icon",-16455,32x32
OS9 Box.png,"World of Copland ƒ/World of Copland 5/OS9 Box/Icon",-16455,32x32
Office Phone.png,"World of Copland ƒ/World of Copland 5/Office Phone/Icon",-16455,32x32
Old Suitcase.png,"World of Copland ƒ/World of Copland 5/Old Suitcase/Icon",-16455,32x32
Omni Writer.png,"World of Copland ƒ/World of Copland 5/Omni Writer/Icon",-16455,32x32
Orb Disk.png,"World of Copland ƒ/World of Copland 5/Orb Disk/Icon",-16455,32x32
Orb Drive.png,"World of Copland ƒ/World of Copland 5/Orb Drive/Icon",-16455,32x32
PSX2.png,"World of Copland ƒ/World of Copland 5/PSX2/Icon",-16455,32x32
Pie-2.png,"World of Copland ƒ/World of Copland 5/Pie/Icon",-16455,32x32
Safe (closed).png,"World of Copland ƒ/World of Copland 5/Safe (closed)/Icon",-16455,32x32
Safe (opened).png,"World of Copland ƒ/World of Copland 5/Safe (opened)/Icon",-16455,32x32
The Doghouse.png,"World of Copland ƒ/World of Copland 5/The Doghouse/Icon",-16455,32x32
Toaster.png,"World of Copland ƒ/World of Copland 5/Toaster/Icon",-16455,32x32
Vectrex.png,"World of Copland ƒ/World of Copland 5/Vectrex/Icon",-16455,32x32
ZIP 250 Disk.png,"World of Copland ƒ/World of Copland 5/ZIP 250 Disk/Icon",-16455,32x32
ZIP 250 Drive (SCSI).png,"World of Copland ƒ/World of Copland 5/ZIP 250 Drive (SCSI)/Icon",-16455,32x32
ZIP 250 Drive (USB).png,"World of Copland ƒ/World of Copland 5/ZIP 250 Drive (USB)/Icon",-16455,32x32
a man.png,"World of Copland ƒ/World of Copland 5/a man/Icon",-16455,32x32
a rose for K.png,"World of Copland ƒ/World of Copland 5/a rose for K/Icon",-16455,32x32
a woman.png,"World of Copland ƒ/World of Copland 5/a woman/Icon",-16455,32x32
circle 1.png,"World of Copland ƒ/World of Copland 5/circle 1/Icon",-16455,32x32
circle 2.png,"World of Copland ƒ/World of Copland 5/circle 2/Icon",-16455,32x32
circle 3.png,"World of Copland ƒ/World of Copland 5/circle 3/Icon",-16455,32x32
cone.png,"World of Copland ƒ/World of Copland 5/cone/Icon",-16455,32x32
cubist.png,"World of Copland ƒ/World of Copland 5/cubist/Icon",-16455,32x32
iMac Bondi A_B.png,"World of Copland ƒ/World of Copland 5/iMac Bondi A:B/Icon",-16455,32x32
iMac Bondi A_B (on).png,"World of Copland ƒ/World of Copland 5/iMac Bondi A:B (on)/Icon",-16455,32x32
iMac DV Blueberry.png,"World of Copland ƒ/World of Copland 5/iMac DV Blueberry/Icon",-16455,32x32
iMac DV Blueberry (on).png,"World of Copland ƒ/World of Copland 5/iMac DV Blueberry (on)/Icon",-16455,32x32
iMac DV Grape.png,"World of Copland ƒ/World of Copland 5/iMac DV Grape/Icon",-16455,32x32
iMac DV Grape (on).png,"World of Copland ƒ/World of Copland 5/iMac DV Grape (on)/Icon",-16455,32x32
iMac DV Graphite.png,"World of Copland ƒ/World of Copland 5/iMac DV Graphite/Icon",-16455,32x32
iMac DV Graphite (on).png,"World of Copland ƒ/World of Copland 5/iMac DV Graphite (on)/Icon",-16455,32x32
iMac DV Lime.png,"World of Copland ƒ/World of Copland 5/iMac DV Lime/Icon",-16455,32x32
iMac DV Lime (on).png,"World of Copland ƒ/World of Copland 5/iMac DV Lime (on)/Icon",-16455,32x32
iMac DV Strawberry.png,"World of Copland ƒ/World of Copland 5/iMac DV Strawberry/Icon",-16455,32x32
iMac DV Strawberry (on).png,"World of Copland ƒ/World of Copland 5/iMac DV Strawberry (on)/Icon",-16455,32x32
iMac DV Tangerine.png,"World of Copland ƒ/World of Copland 5/iMac DV Tangerine/Icon",-16455,32x32
iMac DV Tangerine (on).png,"World of Copland ƒ/World of Copland 5/iMac DV Tangerine (on)/Icon",-16455,32x32
Airport Base Station.png,"World of Copland ƒ/World of Copland 6/Airport Base Station/Icon",-16455,32x32
American Flag.png,"World of Copland ƒ/World of Copland 6/American Flag/Icon",-16455,32x32
American Flag 2.png,"World of Copland ƒ/World of Copland 6/American Flag 2/Icon",-16455,32x32
"Apple 17"" Studio Display.png","World of Copland ƒ/World of Copland 6/Apple 17"" Studio Display/Icon",-16455,32x32
Cash Register-2.png,"World of Copland ƒ/World of Copland 6/Cash Register/Icon",-16455,32x32
Copland  U.S.png,"World of Copland ƒ/World of Copland 6/Copland  U.S/Icon",-16455,32x32
Cowboy Boot.png,"World of Copland ƒ/World of Copland 6/Cowboy Boot/Icon",-16455,32x32
Heroes.png,"World of Copland ƒ/World of Copland 6/Heroes/Icon",-16455,32x32
Homepage Builder.png,"World of Copland ƒ/World of Copland 6/Homepage Builder/Icon",-16455,32x32
OSX Disk.png,"World of Copland ƒ/World of Copland 6/OSX Disk/Icon",-16455,32x32
OSX Firewire Disk.png,"World of Copland ƒ/World of Copland 6/OSX Firewire Disk/Icon",-16455,32x32
OSX SCSI Disk.png,"World of Copland ƒ/World of Copland 6/OSX SCSI Disk/Icon",-16455,32x32
OSX USB Disk.png,"World of Copland ƒ/World of Copland 6/OSX USB Disk/Icon",-16455,32x32
Optimus Prime-2.png,"World of Copland ƒ/World of Copland 6/Optimus Prime/Icon",-16455,32x32
Optimus Prime 2.png,"World of Copland ƒ/World of Copland 6/Optimus Prime 2/Icon",-16455,32x32
Palm m500.png,"World of Copland ƒ/World of Copland 6/Palm m500/Icon",-16455,32x32
Prairie Skull.png,"World of Copland ƒ/World of Copland 6/Prairie Skull/Icon",-16455,32x32
Ruby HD.png,"World of Copland ƒ/World of Copland 6/Ruby HD/Icon",-16455,32x32
Ruby Network.png,"World of Copland ƒ/World of Copland 6/Ruby Network/Icon",-16455,32x32
Ruby Trash Empty.png,"World of Copland ƒ/World of Copland 6/Ruby Trash Empty/Icon",-16455,32x32
Ruby Trash Full.png,"World of Copland ƒ/World of Copland 6/Ruby Trash Full/Icon",-16455,32x32
Statue of Liberty.png,"World of Copland ƒ/World of Copland 6/Statue of Liberty/Icon",-16455,32x32
Stock Banner.png,"World of Copland ƒ/World of Copland 6/Stock Banner/Icon",-16455,32x32
Stock Ticker.png,"World of Copland ƒ/World of Copland 6/Stock Ticker/Icon",-16455,32x32
Ten Gallon Hat.png,"World of Copland ƒ/World of Copland 6/Ten Gallon Hat/Icon",-16455,32x32
Thunderstorm.png,"World of Copland ƒ/World of Copland 6/Thunderstorm/Icon",-16455,32x32
TiBook Closed.png,"World of Copland ƒ/World of Copland 6/TiBook Closed/Icon",-16455,32x32
TiBook Open.png,"World of Copland ƒ/World of Copland 6/TiBook Open/Icon",-16455,32x32
Toaster-2.png,"World of Copland ƒ/World of Copland 6/Toaster/Icon",-16455,32x32
Visor Deluxe - blue.png,"World of Copland ƒ/World of Copland 6/Visor Deluxe - blue/Icon",-16455,32x32
Visor Deluxe - graphite.png,"World of Copland ƒ/World of Copland 6/Visor Deluxe - graphite/Icon",-16455,32x32
Visor Deluxe - green.png,"World of Copland ƒ/World of Copland 6/Visor Deluxe - green/Icon",-16455,32x32
Visor Deluxe - ice.png,"World of Copland ƒ/World of Copland 6/Visor Deluxe - ice/Icon",-16455,32x32
Visor Deluxe - orange.png,"World of Copland ƒ/World of Copland 6/Visor Deluxe - orange/Icon",-16455,32x32
Visor Edge.png,"World of Copland ƒ/World of Copland 6/Visor Edge/Icon",-16455,32x32
Visor Neo - blue.png,"World of Copland ƒ/World of Copland 6/Visor Neo - blue/Icon",-16455,32x32
Visor Neo - red.png,"World of Copland ƒ/World of Copland 6/Visor Neo - red/Icon",-16455,32x32
Visor Platinum - Metallic Blue.png,"World of Copland ƒ/World of Copland 6/Visor Platinum - Metallic Blue/Icon",-16455,32x32
Visor Platinum - Metallic Red.png,"World of Copland ƒ/World of Copland 6/Visor Platinum - Metallic Red/Icon",-16455,32x32
Visor Platinum - Metallic Silve.png,"World of Copland ƒ/World of Copland 6/Visor Platinum - Metallic Silve/Icon",-16455,32x32
Visor Prism.png,"World of Copland ƒ/World of Copland 6/Visor Prism/Icon",-16455,32x32
Visor Pro.png,"World of Copland ƒ/World of Copland 6/Visor Pro/Icon",-16455,32x32
WOC6 Folder.png,"World of Copland ƒ/World of Copland 6/WOC6 Folder/Icon",-16455,32x32
WOC6 Internet Folder.png,"World of Copland ƒ/World of Copland 6/WOC6 Internet Folder/Icon",-16455,32x32
WOC6 MP3 Folder.png,"World of Copland ƒ/World of Copland 6/WOC6 MP3 Folder/Icon",-16455,32x32
WOC6 Mail.png,"World of Copland ƒ/World of Copland 6/WOC6 Mail/Icon",-16455,32x32
WOC6 OS X CD.png,"World of Copland ƒ/World of Copland 6/WOC6 OS X CD/Icon",-16455,32x32
WOC6 Photos Folder 1.png,"World of Copland ƒ/World of Copland 6/WOC6 Photos Folder 1/Icon",-16455,32x32
WOC6 Photos Folder 2.png,"World of Copland ƒ/World of Copland 6/WOC6 Photos Folder 2/Icon",-16455,32x32
X Box.png,"World of Copland ƒ/World of Copland 6/X Box/Icon",-16455,32x32
iBook Closed.png,"World of Copland ƒ/World of Copland 6/iBook Closed/Icon",-16455,32x32
iBook Open.png,"World of Copland ƒ/World of Copland 6/iBook Open/Icon",-16455,32x32
Anime ƒ.png,"Yosemite ƒ/FinalYosemite/Anime ƒ/Icon",-16455,32x32
Appearance 1.png,"Yosemite ƒ/FinalYosemite/Appearance 1/Icon",-16455,32x32
Appearance 2.png,"Yosemite ƒ/FinalYosemite/Appearance 2/Icon",-16455,32x32
Appearance 3.png,"Yosemite ƒ/FinalYosemite/Appearance 3/Icon",-16455,32x32
Appearance 4.png,"Yosemite ƒ/FinalYosemite/Appearance 4/Icon",-16455,32x32
Apple Menu Items 1.png,"Yosemite ƒ/FinalYosemite/Apple Menu Items 1/Icon",-16455,32x32
Apple Menu Items 2.png,"Yosemite ƒ/FinalYosemite/Apple Menu Items 2/Icon",-16455,32x32
Apple Menu Items 3.png,"Yosemite ƒ/FinalYosemite/Apple Menu Items 3/Icon",-16455,32x32
Apple Menu Items 4.png,"Yosemite ƒ/FinalYosemite/Apple Menu Items 4/Icon",-16455,32x32
Batman Beyond ƒ.png,"Yosemite ƒ/FinalYosemite/Batman Beyond ƒ/Icon",-16455,32x32
Blank Red 2.png,"Yosemite ƒ/FinalYosemite/Blank Red 2/Icon",-16455,32x32
Blue Crest ƒ.png,"Yosemite ƒ/FinalYosemite/Blue Crest ƒ/Icon",-16455,32x32
Clouds ƒ.png,"Yosemite ƒ/FinalYosemite/Clouds ƒ/Icon",-16455,32x32
Clover ƒ.png,"Yosemite ƒ/FinalYosemite/Clover ƒ/Icon",-16455,32x32
Color Synch 3.png,"Yosemite ƒ/FinalYosemite/Color Synch 3/Icon",-16455,32x32
Color Synch Items 2.png,"Yosemite ƒ/FinalYosemite/Color Synch Items 2/Icon",-16455,32x32
Color Synch Items 4.png,"Yosemite ƒ/FinalYosemite/Color Synch Items 4/Icon",-16455,32x32
ColorSynch 1.png,"Yosemite ƒ/FinalYosemite/ColorSynch 1/Icon",-16455,32x32
Construction-4.png,"Yosemite ƒ/FinalYosemite/Construction/Icon",-16455,32x32
Contextual Menu Items 1.png,"Yosemite ƒ/FinalYosemite/Contextual Menu Items 1/Icon",-16455,32x32
Contextual Menu Items 2.png,"Yosemite ƒ/FinalYosemite/Contextual Menu Items 2/Icon",-16455,32x32
Contextual Menu Items 3.png,"Yosemite ƒ/FinalYosemite/Contextual Menu Items 3/Icon",-16455,32x32
Contextual Menu Items 4.png,"Yosemite ƒ/FinalYosemite/Contextual Menu Items 4/Icon",-16455,32x32
Control Panels 1.png,"Yosemite ƒ/FinalYosemite/Control Panels 1/Icon",-16455,32x32
Control Panels 2.png,"Yosemite ƒ/FinalYosemite/Control Panels 2/Icon",-16455,32x32
Control Panels 3.png,"Yosemite ƒ/FinalYosemite/Control Panels 3/Icon",-16455,32x32
Control Panels 4.png,"Yosemite ƒ/FinalYosemite/Control Panels 4/Icon",-16455,32x32
Control Panels Disabled 1.png,"Yosemite ƒ/FinalYosemite/Control Panels Disabled 1/Icon",-16455,32x32
Control Panels Disabled 2.png,"Yosemite ƒ/FinalYosemite/Control Panels Disabled 2/Icon",-16455,32x32
Control Panels Disabled 3.png,"Yosemite ƒ/FinalYosemite/Control Panels Disabled 3/Icon",-16455,32x32
Control Panels Disabled 4.png,"Yosemite ƒ/FinalYosemite/Control Panels Disabled 4/Icon",-16455,32x32
Control Strip Modules 1.png,"Yosemite ƒ/FinalYosemite/Control Strip Modules 1/Icon",-16455,32x32
Control Strip Modules 2.png,"Yosemite ƒ/FinalYosemite/Control Strip Modules 2/Icon",-16455,32x32
Control Strip Modules 3.png,"Yosemite ƒ/FinalYosemite/Control Strip Modules 3/Icon",-16455,32x32
Control Strip Modules 4.png,"Yosemite ƒ/FinalYosemite/Control Strip Modules 4/Icon",-16455,32x32
Cow ƒ.png,"Yosemite ƒ/FinalYosemite/Cow ƒ/Icon",-16455,32x32
Dark Blue Crest ƒ.png,"Yosemite ƒ/FinalYosemite/Dark Blue Crest ƒ/Icon",-16455,32x32
Disabled Start Up Items 2.png,"Yosemite ƒ/FinalYosemite/Disabled Start Up Items 2/Icon",-16455,32x32
Doraemon.png,"Yosemite ƒ/FinalYosemite/Doraemon/Icon",-16455,32x32
Extensions 1.png,"Yosemite ƒ/FinalYosemite/Extensions 1/Icon",-16455,32x32
Extensions 2.png,"Yosemite ƒ/FinalYosemite/Extensions 2/Icon",-16455,32x32
Extensions 3.png,"Yosemite ƒ/FinalYosemite/Extensions 3/Icon",-16455,32x32
Extensions 4.png,"Yosemite ƒ/FinalYosemite/Extensions 4/Icon",-16455,32x32
Extensions Disabled 1.png,"Yosemite ƒ/FinalYosemite/Extensions Disabled 1/Icon",-16455,32x32
Extensions Disabled 2.png,"Yosemite ƒ/FinalYosemite/Extensions Disabled 2/Icon",-16455,32x32
Extensions Disabled 3.png,"Yosemite ƒ/FinalYosemite/Extensions Disabled 3/Icon",-16455,32x32
Extensions Disabled 4.png,"Yosemite ƒ/FinalYosemite/Extensions Disabled 4/Icon",-16455,32x32
Favorites 1.png,"Yosemite ƒ/FinalYosemite/Favorites 1/Icon",-16455,32x32
Favorites 2.png,"Yosemite ƒ/FinalYosemite/Favorites 2/Icon",-16455,32x32
Favorites 3.png,"Yosemite ƒ/FinalYosemite/Favorites 3/Icon",-16455,32x32
Favorites 4.png,"Yosemite ƒ/FinalYosemite/Favorites 4/Icon",-16455,32x32
Flower ƒ.png,"Yosemite ƒ/FinalYosemite/Flower ƒ/Icon",-16455,32x32
Fonts 1.png,"Yosemite ƒ/FinalYosemite/Fonts 1/Icon",-16455,32x32
Fonts 2.png,"Yosemite ƒ/FinalYosemite/Fonts 2/Icon",-16455,32x32
Fonts 3.png,"Yosemite ƒ/FinalYosemite/Fonts 3/Icon",-16455,32x32
Fonts 4.png,"Yosemite ƒ/FinalYosemite/Fonts 4/Icon",-16455,32x32
Gray Blank 4.png,"Yosemite ƒ/FinalYosemite/Gray Blank 4/Icon",-16455,32x32
Gray Crest ƒ.png,"Yosemite ƒ/FinalYosemite/Gray Crest ƒ/Icon",-16455,32x32
Gray Swirl ƒ.png,"Yosemite ƒ/FinalYosemite/Gray Swirl ƒ/Icon",-16455,32x32
Green Crest ƒ.png,"Yosemite ƒ/FinalYosemite/Green Crest ƒ/Icon",-16455,32x32
Help 1.png,"Yosemite ƒ/FinalYosemite/Help 1/Icon",-16455,32x32
Help 2.png,"Yosemite ƒ/FinalYosemite/Help 2/Icon",-16455,32x32
Help 3.png,"Yosemite ƒ/FinalYosemite/Help 3/Icon",-16455,32x32
Help 4.png,"Yosemite ƒ/FinalYosemite/Help 4/Icon",-16455,32x32
Ladybug ƒ.png,"Yosemite ƒ/FinalYosemite/Ladybug ƒ/Icon",-16455,32x32
Launcher 1.png,"Yosemite ƒ/FinalYosemite/Launcher 1/Icon",-16455,32x32
Launcher Items 2.png,"Yosemite ƒ/FinalYosemite/Launcher Items 2/Icon",-16455,32x32
Launcher Items 3.png,"Yosemite ƒ/FinalYosemite/Launcher Items 3/Icon",-16455,32x32
Launcher Items 4.png,"Yosemite ƒ/FinalYosemite/Launcher Items 4/Icon",-16455,32x32
Leopard ƒ.png,"Yosemite ƒ/FinalYosemite/Leopard ƒ/Icon",-16455,32x32
Lime Blank 1.png,"Yosemite ƒ/FinalYosemite/Lime Blank 1/Icon",-16455,32x32
Locked 1.png,"Yosemite ƒ/FinalYosemite/Locked 1/Icon",-16455,32x32
Locked 2.png,"Yosemite ƒ/FinalYosemite/Locked 2/Icon",-16455,32x32
Locked 3.png,"Yosemite ƒ/FinalYosemite/Locked 3/Icon",-16455,32x32
Locked 4.png,"Yosemite ƒ/FinalYosemite/Locked 4/Icon",-16455,32x32
Magic 8 Ball ƒ.png,"Yosemite ƒ/FinalYosemite/Magic 8 Ball ƒ/Icon",-16455,32x32
Marble ƒ.png,"Yosemite ƒ/FinalYosemite/Marble ƒ/Icon",-16455,32x32
Newton ƒ.png,"Yosemite ƒ/FinalYosemite/Newton ƒ/Icon",-16455,32x32
Non-Skid ƒ.png,"Yosemite ƒ/FinalYosemite/Non-Skid ƒ/Icon",-16455,32x32
OS Ten ƒ.png,"Yosemite ƒ/FinalYosemite/OS Ten ƒ/Icon",-16455,32x32
Pikachu.png,"Yosemite ƒ/FinalYosemite/Pikachu/Icon",-16455,32x32
Pirate Flag ƒ.png,"Yosemite ƒ/FinalYosemite/Pirate Flag ƒ/Icon",-16455,32x32
Polka Dots.png,"Yosemite ƒ/FinalYosemite/Polka Dots/Icon",-16455,32x32
Preferences 1.png,"Yosemite ƒ/FinalYosemite/Preferences 1/Icon",-16455,32x32
Preferences 2.png,"Yosemite ƒ/FinalYosemite/Preferences 2/Icon",-16455,32x32
Preferences 3.png,"Yosemite ƒ/FinalYosemite/Preferences 3/Icon",-16455,32x32
Preferences 4.png,"Yosemite ƒ/FinalYosemite/Preferences 4/Icon",-16455,32x32
Print Monitor 1.png,"Yosemite ƒ/FinalYosemite/Print Monitor 1/Icon",-16455,32x32
Print Monitor Items 2.png,"Yosemite ƒ/FinalYosemite/Print Monitor Items 2/Icon",-16455,32x32
Print Monitor Items 3.png,"Yosemite ƒ/FinalYosemite/Print Monitor Items 3/Icon",-16455,32x32
Print Monitor Items 4.png,"Yosemite ƒ/FinalYosemite/Print Monitor Items 4/Icon",-16455,32x32
Purple Blank 3.png,"Yosemite ƒ/FinalYosemite/Purple Blank 3/Icon",-16455,32x32
Scripting 1.png,"Yosemite ƒ/FinalYosemite/Scripting 1/Icon",-16455,32x32
Scripting 2.png,"Yosemite ƒ/FinalYosemite/Scripting 2/Icon",-16455,32x32
Scripting 3.png,"Yosemite ƒ/FinalYosemite/Scripting 3/Icon",-16455,32x32
Scripting 4.png,"Yosemite ƒ/FinalYosemite/Scripting 4/Icon",-16455,32x32
Scripting Additions 1.png,"Yosemite ƒ/FinalYosemite/Scripting Additions 1/Icon",-16455,32x32
Scripting Additions 2.png,"Yosemite ƒ/FinalYosemite/Scripting Additions 2/Icon",-16455,32x32
Scripting Additions 3.png,"Yosemite ƒ/FinalYosemite/Scripting Additions 3/Icon",-16455,32x32
Scripting Additions 4.png,"Yosemite ƒ/FinalYosemite/Scripting Additions 4/Icon",-16455,32x32
Shared 1.png,"Yosemite ƒ/FinalYosemite/Shared 1/Icon",-16455,32x32
Shared 2.png,"Yosemite ƒ/FinalYosemite/Shared 2/Icon",-16455,32x32
Shared 3.png,"Yosemite ƒ/FinalYosemite/Shared 3/Icon",-16455,32x32
Shared 4.png,"Yosemite ƒ/FinalYosemite/Shared 4/Icon",-16455,32x32
Sherlock Plug Ins 2.png,"Yosemite ƒ/FinalYosemite/Sherlock Plug Ins 2/Icon",-16455,32x32
Sherlock Plug Ins 4.png,"Yosemite ƒ/FinalYosemite/Sherlock Plug Ins 4/Icon",-16455,32x32
Sherlock Plug-Ins 1.png,"Yosemite ƒ/FinalYosemite/Sherlock Plug-Ins 1/Icon",-16455,32x32
Sherlock Plug-Ins 3.png,"Yosemite ƒ/FinalYosemite/Sherlock Plug-Ins 3/Icon",-16455,32x32
Star-2.png,"Yosemite ƒ/FinalYosemite/Star/Icon",-16455,32x32
Start Up Items 2.png,"Yosemite ƒ/FinalYosemite/Start Up Items 2/Icon",-16455,32x32
Start Up Items 3.png,"Yosemite ƒ/FinalYosemite/Start Up Items 3/Icon",-16455,32x32
Start Up Items 4.png,"Yosemite ƒ/FinalYosemite/Start Up Items 4/Icon",-16455,32x32
Start Up Items Disabled 3.png,"Yosemite ƒ/FinalYosemite/Start Up Items Disabled 3/Icon",-16455,32x32
Start Up Items Disabled 4.png,"Yosemite ƒ/FinalYosemite/Start Up Items Disabled 4/Icon",-16455,32x32
Startup Items 1.png,"Yosemite ƒ/FinalYosemite/Startup Items 1/Icon",-16455,32x32
Startup Items Disabled 1.png,"Yosemite ƒ/FinalYosemite/Startup Items Disabled 1/Icon",-16455,32x32
Stucco ƒ.png,"Yosemite ƒ/FinalYosemite/Stucco ƒ/Icon",-16455,32x32
Swirl ƒ.png,"Yosemite ƒ/FinalYosemite/Swirl ƒ/Icon",-16455,32x32
System 1.png,"Yosemite ƒ/FinalYosemite/System 1/Icon",-16455,32x32
System 2.png,"Yosemite ƒ/FinalYosemite/System 2/Icon",-16455,32x32
System 3.png,"Yosemite ƒ/FinalYosemite/System 3/Icon",-16455,32x32
System 4.png,"Yosemite ƒ/FinalYosemite/System 4/Icon",-16455,32x32
System Ext Disabled 1.png,"Yosemite ƒ/FinalYosemite/System Ext Disabled 1/Icon",-16455,32x32
System Ext Disabled 2.png,"Yosemite ƒ/FinalYosemite/System Ext Disabled 2/Icon",-16455,32x32
System Ext Disabled 3.png,"Yosemite ƒ/FinalYosemite/System Ext Disabled 3/Icon",-16455,32x32
System Ext Disabled 4.png,"Yosemite ƒ/FinalYosemite/System Ext Disabled 4/Icon",-16455,32x32
System Folder 1.png,"Yosemite ƒ/FinalYosemite/System Folder 1/Icon",-16455,32x32
System Folder 2.png,"Yosemite ƒ/FinalYosemite/System Folder 2/Icon",-16455,32x32
System Folder 3.png,"Yosemite ƒ/FinalYosemite/System Folder 3/Icon",-16455,32x32
System Folder 4.png,"Yosemite ƒ/FinalYosemite/System Folder 4/Icon",-16455,32x32
System ROM 1.png,"Yosemite ƒ/FinalYosemite/System ROM 1/Icon",-16455,32x32
System ROM 2.png,"Yosemite ƒ/FinalYosemite/System ROM 2/Icon",-16455,32x32
System ROM 3.png,"Yosemite ƒ/FinalYosemite/System ROM 3/Icon",-16455,32x32
System ROM 4.png,"Yosemite ƒ/FinalYosemite/System ROM 4/Icon",-16455,32x32
TV.png,"Yosemite ƒ/FinalYosemite/TV/Icon",-16455,32x32
Text Encoding 1.png,"Yosemite ƒ/FinalYosemite/Text Encoding 1/Icon",-16455,32x32
Text Encoding 2.png,"Yosemite ƒ/FinalYosemite/Text Encoding 2/Icon",-16455,32x32
Text Encoding 3.png,"Yosemite ƒ/FinalYosemite/Text Encoding 3/Icon",-16455,32x32
Text Encoding 4.png,"Yosemite ƒ/FinalYosemite/Text Encoding 4/Icon",-16455,32x32
Trash empty 1.png,"Yosemite ƒ/FinalYosemite/Trash empty 1/Icon",-16455,32x32
Trash empty 2.png,"Yosemite ƒ/FinalYosemite/Trash empty 2/Icon",-16455,32x32
Trash empty 3.png,"Yosemite ƒ/FinalYosemite/Trash empty 3/Icon",-16455,32x32
Trash empty 4.png,"Yosemite ƒ/FinalYosemite/Trash empty 4/Icon",-16455,32x32
Trash full 1.png,"Yosemite ƒ/FinalYosemite/Trash full 1/Icon",-16455,32x32
Trash full 2.png,"Yosemite ƒ/FinalYosemite/Trash full 2/Icon",-16455,32x32
Trash full 3.png,"Yosemite ƒ/FinalYosemite/Trash full 3/Icon",-16455,32x32
Trash full 4.png,"Yosemite ƒ/FinalYosemite/Trash full 4/Icon",-16455,32x32
US Flag.png,"Yosemite ƒ/FinalYosemite/US Flag/Icon",-16455,32x32
Black ZIP.png,"Yosemite ƒ/Yosemite Drives/Black ZIP/Icon",-16455,32x32
Blue ZIP-2.png,"Yosemite ƒ/Yosemite Drives/Blue ZIP/Icon",-16455,32x32
Blue bean.png,"Yosemite ƒ/Yosemite Drives/Blue bean/Icon",-16455,32x32
Blueberry HD.png,"Yosemite ƒ/Yosemite Drives/Blueberry HD/Icon",-16455,32x32
Bondi blue HD.png,"Yosemite ƒ/Yosemite Drives/Bondi blue HD/Icon",-16455,32x32
Brown bean.png,"Yosemite ƒ/Yosemite Drives/Brown bean/Icon",-16455,32x32
Firewire Drive.png,"Yosemite ƒ/Yosemite Drives/Firewire Drive/Icon",-16455,32x32
Grape HD.png,"Yosemite ƒ/Yosemite Drives/Grape HD/Icon",-16455,32x32
Green ZIP-2.png,"Yosemite ƒ/Yosemite Drives/Green ZIP/Icon",-16455,32x32
Green bean.png,"Yosemite ƒ/Yosemite Drives/Green bean/Icon",-16455,32x32
Hi Tech HD.png,"Yosemite ƒ/Yosemite Drives/Hi Tech HD/Icon",-16455,32x32
Lime HD.png,"Yosemite ƒ/Yosemite Drives/Lime HD/Icon",-16455,32x32
Orange ZIP.png,"Yosemite ƒ/Yosemite Drives/Orange ZIP/Icon",-16455,32x32
Original ZIP.png,"Yosemite ƒ/Yosemite Drives/Original ZIP/Icon",-16455,32x32
Purple bean.png,"Yosemite ƒ/Yosemite Drives/Purple bean/Icon",-16455,32x32
Red ZIP-2.png,"Yosemite ƒ/Yosemite Drives/Red ZIP/Icon",-16455,32x32
Red bean.png,"Yosemite ƒ/Yosemite Drives/Red bean/Icon",-16455,32x32
Strawberry HD.png,"Yosemite ƒ/Yosemite Drives/Strawberry HD/Icon",-16455,32x32
Tangerine HD.png,"Yosemite ƒ/Yosemite Drives/Tangerine HD/Icon",-16455,32x32
Apple Extras (clear) ƒ.png,"Yosemite ƒ/Yosemite Folders/Apple Extras (clear) ƒ/Icon",-16455,32x32
Apple Extras ƒ.png,"Yosemite ƒ/Yosemite Folders/Apple Extras ƒ/Icon",-16455,32x32
Aqua.png,"Yosemite ƒ/Yosemite Folders/Aqua/Icon",-16455,32x32
Backup ƒ.png,"Yosemite ƒ/Yosemite Folders/Backup ƒ/Icon",-16455,32x32
Big Black Apple.png,"Yosemite ƒ/Yosemite Folders/Big Black Apple/Icon",-16455,32x32
Big Bondi Apple.png,"Yosemite ƒ/Yosemite Folders/Big Bondi Apple/Icon",-16455,32x32
Black.png,"Yosemite ƒ/Yosemite Folders/Black/Icon",-16455,32x32
Blue.png,"Yosemite ƒ/Yosemite Folders/Blue/Icon",-16455,32x32
Bondi.png,"Yosemite ƒ/Yosemite Folders/Bondi/Icon",-16455,32x32
Bondi CPU (clear) ƒ.png,"Yosemite ƒ/Yosemite Folders/Bondi CPU (clear) ƒ/Icon",-16455,32x32
CPU (Clear) ƒ.png,"Yosemite ƒ/Yosemite Folders/CPU (Clear) ƒ/Icon",-16455,32x32
CPU ƒ.png,"Yosemite ƒ/Yosemite Folders/CPU ƒ/Icon",-16455,32x32
Chocolate.png,"Yosemite ƒ/Yosemite Folders/Chocolate/Icon",-16455,32x32
Dark Aqua.png,"Yosemite ƒ/Yosemite Folders/Dark Aqua/Icon",-16455,32x32
Dark Gray.png,"Yosemite ƒ/Yosemite Folders/Dark Gray/Icon",-16455,32x32
Fonts (clear) ƒ.png,"Yosemite ƒ/Yosemite Folders/Fonts (clear) ƒ/Icon",-16455,32x32
Fonts ƒ.png,"Yosemite ƒ/Yosemite Folders/Fonts ƒ/Icon",-16455,32x32
Frosted Glass.png,"Yosemite ƒ/Yosemite Folders/Frosted Glass/Icon",-16455,32x32
Games ƒ-3.png,"Yosemite ƒ/Yosemite Folders/Games ƒ /Icon",-16455,32x32
Gold.png,"Yosemite ƒ/Yosemite Folders/Gold/Icon",-16455,32x32
Gray.png,"Yosemite ƒ/Yosemite Folders/Gray/Icon",-16455,32x32
IF Large ƒ.png,"Yosemite ƒ/Yosemite Folders/IF Large ƒ/Icon",-16455,32x32
Iconfactory (clear).png,"Yosemite ƒ/Yosemite Folders/Iconfactory (clear)/Icon",-16455,32x32
Internet (clear) ƒ.png,"Yosemite ƒ/Yosemite Folders/Internet (clear) ƒ/Icon",-16455,32x32
Internet ƒ-2.png,"Yosemite ƒ/Yosemite Folders/Internet ƒ/Icon",-16455,32x32
Lavender.png,"Yosemite ƒ/Yosemite Folders/Lavender/Icon",-16455,32x32
Lilac-2.png,"Yosemite ƒ/Yosemite Folders/Lilac/Icon",-16455,32x32
Maroon.png,"Yosemite ƒ/Yosemite Folders/Maroon/Icon",-16455,32x32
Mint.png,"Yosemite ƒ/Yosemite Folders/Mint/Icon",-16455,32x32
Neon Blue.png,"Yosemite ƒ/Yosemite Folders/Neon Blue/Icon",-16455,32x32
Orange.png,"Yosemite ƒ/Yosemite Folders/Orange/Icon",-16455,32x32
Pale Blue.png,"Yosemite ƒ/Yosemite Folders/Pale Blue/Icon",-16455,32x32
Pine.png,"Yosemite ƒ/Yosemite Folders/Pine/Icon",-16455,32x32
Powerbook 2 ƒ.png,"Yosemite ƒ/Yosemite Folders/Powerbook 2 ƒ/Icon",-16455,32x32
Powerbook ƒ.png,"Yosemite ƒ/Yosemite Folders/Powerbook ƒ/Icon",-16455,32x32
Purple.png,"Yosemite ƒ/Yosemite Folders/Purple/Icon",-16455,32x32
QuickTime ƒ-2.png,"Yosemite ƒ/Yosemite Folders/QuickTime ƒ/Icon",-16455,32x32
Red.png,"Yosemite ƒ/Yosemite Folders/Red/Icon",-16455,32x32
Smoky Glass.png,"Yosemite ƒ/Yosemite Folders/Smoky Glass/Icon",-16455,32x32
Utilites (clear) ƒ.png,"Yosemite ƒ/Yosemite Folders/Utilites (clear) ƒ/Icon",-16455,32x32
Utilites ƒ.png,"Yosemite ƒ/Yosemite Folders/Utilites ƒ/Icon",-16455,32x32
White.png,"Yosemite ƒ/Yosemite Folders/White/Icon",-16455,32x32
Yellow.png,"Yosemite ƒ/Yosemite Folders/Yellow/Icon",-16455,32x32
iMac-3.png,"Yosemite ƒ/Yosemite Folders/iMac/Icon",-16455,32x32
iMac (clear) ƒ.png,"Yosemite ƒ/Yosemite Folders/iMac (clear) ƒ/Icon",-16455,32x32
iMac Apple ƒ.png,"Yosemite ƒ/Yosemite Folders/iMac Apple ƒ/Icon",-16455,32x32
address book.png,"eWorld ƒ/eWorld/address book/Icon",-16455,32x32
archives.png,"eWorld ƒ/eWorld/archives/Icon",-16455,32x32
auditorium.png,"eWorld ƒ/eWorld/auditorium/Icon",-16455,32x32
calendar.png,"eWorld ƒ/eWorld/calendar/Icon",-16455,32x32
compose mail.png,"eWorld ƒ/eWorld/compose mail/Icon",-16455,32x32
conference.png,"eWorld ƒ/eWorld/conference/Icon",-16455,32x32
directory.png,"eWorld ƒ/eWorld/directory/Icon",-16455,32x32
discussion board.png,"eWorld ƒ/eWorld/discussion board/Icon",-16455,32x32
diskette.png,"eWorld ƒ/eWorld/diskette/Icon",-16455,32x32
diskette (locked).png,"eWorld ƒ/eWorld/diskette (locked)/Icon",-16455,32x32
eWWW.png,"eWorld ƒ/eWorld/eWWW/Icon",-16455,32x32
eWorld.png,"eWorld ƒ/eWorld/eWorld/Icon",-16455,32x32
eWorld Mailbox.png,"eWorld ƒ/eWorld/eWorld Mailbox/Icon",-16455,32x32
eWorld Text.png,"eWorld ƒ/eWorld/eWorld Text/Icon",-16455,32x32
eWorld Tool.png,"eWorld ƒ/eWorld/eWorld Tool/Icon",-16455,32x32
eWorld inbox.png,"eWorld ƒ/eWorld/eWorld inbox/Icon",-16455,32x32
eWorlder.png,"eWorld ƒ/eWorld/eWorlder/Icon",-16455,32x32
eWorlders 2.png,"eWorld ƒ/eWorld/eWorlders 2/Icon",-16455,32x32
eWorlders 3.png,"eWorld ƒ/eWorld/eWorlders 3/Icon",-16455,32x32
eWorlders 4.png,"eWorld ƒ/eWorld/eWorlders 4/Icon",-16455,32x32
find.png,"eWorld ƒ/eWorld/find/Icon",-16455,32x32
forms.png,"eWorld ƒ/eWorld/forms/Icon",-16455,32x32
forum.png,"eWorld ƒ/eWorld/forum/Icon",-16455,32x32
help-4.png,"eWorld ƒ/eWorld/help/Icon",-16455,32x32
info.png,"eWorld ƒ/eWorld/info/Icon",-16455,32x32
info booth.png,"eWorld ƒ/eWorld/info booth/Icon",-16455,32x32
little red mail truck.png,"eWorld ƒ/eWorld/little red mail truck/Icon",-16455,32x32
mail-o-matic.png,"eWorld ƒ/eWorld/mail-o-matic/Icon",-16455,32x32
new-2.png,"eWorld ƒ/eWorld/new/Icon",-16455,32x32
Town Square_Mars.png,eWorld ƒ/eWorld2000/Town Square:Mars,-16455,32x32
Town Square_Valentine's.png,eWorld ƒ/eWorld2000/Town Square:Valentine's,-16455,32x32
Town Square_Winter.png,eWorld ƒ/eWorld2000/Town Square:Winter,-16455,32x32
"""Connect"" Jet.png","eWorld ƒ/eWorld2000/""Connect"" Jet/Icon",-16455,32x32
Arts & Leisure Pavilion.png,"eWorld ƒ/eWorld2000/Arts & Leisure Pavilion/Icon",-16455,32x32
Bulletin Board.png,"eWorld ƒ/eWorld2000/Bulletin Board/Icon",-16455,32x32
Business & Finance Plaza.png,"eWorld ƒ/eWorld2000/Business & Finance Plaza/Icon",-16455,32x32
CD-2.png,"eWorld ƒ/eWorld2000/CD/Icon",-16455,32x32
Calendar-2.png,"eWorld ƒ/eWorld2000/Calendar/Icon",-16455,32x32
Community Center.png,"eWorld ƒ/eWorld2000/Community Center/Icon",-16455,32x32
Compose Mail-2.png,"eWorld ƒ/eWorld2000/Compose Mail/Icon",-16455,32x32
Computer Center.png,"eWorld ƒ/eWorld2000/Computer Center/Icon",-16455,32x32
Disabled.png,"eWorld ƒ/eWorld2000/Disabled/Icon",-16455,32x32
Diskette-2.png,"eWorld ƒ/eWorld2000/Diskette/Icon",-16455,32x32
G4-2.png,"eWorld ƒ/eWorld2000/G4/Icon",-16455,32x32
HTML Editor.png,"eWorld ƒ/eWorld2000/HTML Editor/Icon",-16455,32x32
ID Hat.png,"eWorld ƒ/eWorld2000/ID Hat/Icon",-16455,32x32
IF Folder.png,"eWorld ƒ/eWorld2000/IF Folder/Icon",-16455,32x32
Image Editor.png,"eWorld ƒ/eWorld2000/Image Editor/Icon",-16455,32x32
Image Viewer.png,"eWorld ƒ/eWorld2000/Image Viewer/Icon",-16455,32x32
Info Booth-2.png,"eWorld ƒ/eWorld2000/Info Booth/Icon",-16455,32x32
Learning Center.png,"eWorld ƒ/eWorld2000/Learning Center/Icon",-16455,32x32
Little Red Mail Truck!.png,"eWorld ƒ/eWorld2000/Little Red Mail Truck!/Icon",-16455,32x32
Marketplace.png,"eWorld ƒ/eWorld2000/Marketplace/Icon",-16455,32x32
Marmalade Moon.png,"eWorld ƒ/eWorld2000/Marmalade Moon/Icon",-16455,32x32
News Flash.png,"eWorld ƒ/eWorld2000/News Flash/Icon",-16455,32x32
News Kiosk.png,"eWorld ƒ/eWorld2000/News Kiosk/Icon",-16455,32x32
Newsstand.png,"eWorld ƒ/eWorld2000/Newsstand/Icon",-16455,32x32
Newton MessagePad.png,"eWorld ƒ/eWorld2000/Newton MessagePad/Icon",-16455,32x32
Packs Folder.png,"eWorld ƒ/eWorld2000/Packs Folder/Icon",-16455,32x32
Pixelhaus!.png,"eWorld ƒ/eWorld2000/Pixelhaus!/Icon",-16455,32x32
Planner_Address Book.png,"eWorld ƒ/eWorld2000/Planner:Address Book/Icon",-16455,32x32
PowerBook-2.png,"eWorld ƒ/eWorld2000/PowerBook/Icon",-16455,32x32
SimpleText.png,"eWorld ƒ/eWorld2000/SimpleText/Icon",-16455,32x32
Steps.png,"eWorld ƒ/eWorld2000/Steps/Icon",-16455,32x32
This way!.png,"eWorld ƒ/eWorld2000/This way!/Icon",-16455,32x32
"eApple (thanks, Steve).png","eWorld ƒ/eWorld2000/eApple (thanks, Steve)/Icon",-16455,32x32
eBook Blueberry.png,"eWorld ƒ/eWorld2000/eBook Blueberry/Icon",-16455,32x32
eBook Graphite\.png,"eWorld ƒ/eWorld2000/eBook Graphite\/Icon",-16455,32x32
eBook Tangerine.png,"eWorld ƒ/eWorld2000/eBook Tangerine/Icon",-16455,32x32
eBrowser.png,"eWorld ƒ/eWorld2000/eBrowser/Icon",-16455,32x32
eCam.png,"eWorld ƒ/eWorld2000/eCam/Icon",-16455,32x32
eCash.png,"eWorld ƒ/eWorld2000/eCash/Icon",-16455,32x32
eComSat.png,"eWorld ƒ/eWorld2000/eComSat/Icon",-16455,32x32
eConference.png,"eWorld ƒ/eWorld2000/eConference/Icon",-16455,32x32
eConnect.png,"eWorld ƒ/eWorld2000/eConnect/Icon",-16455,32x32
eConversation.png,"eWorld ƒ/eWorld2000/eConversation/Icon",-16455,32x32
eCredit Card.png,"eWorld ƒ/eWorld2000/eCredit Card/Icon",-16455,32x32
eFactory.png,"eWorld ƒ/eWorld2000/eFactory/Icon",-16455,32x32
eFiles.png,"eWorld ƒ/eWorld2000/eFiles/Icon",-16455,32x32
eFolder.png,"eWorld ƒ/eWorld2000/eFolder/Icon",-16455,32x32
eFolder (Blue).png,"eWorld ƒ/eWorld2000/eFolder (Blue)/Icon",-16455,32x32
eForum.png,"eWorld ƒ/eWorld2000/eForum/Icon",-16455,32x32
eLetters.png,"eWorld ƒ/eWorld2000/eLetters/Icon",-16455,32x32
eMac Blueberry.png,"eWorld ƒ/eWorld2000/eMac Blueberry/Icon",-16455,32x32
eMac Bondi.png,"eWorld ƒ/eWorld2000/eMac Bondi /Icon",-16455,32x32
eMac Grape.png,"eWorld ƒ/eWorld2000/eMac Grape/Icon",-16455,32x32
eMac Graphite.png,"eWorld ƒ/eWorld2000/eMac Graphite/Icon",-16455,32x32
eMac Lime.png,"eWorld ƒ/eWorld2000/eMac Lime/Icon",-16455,32x32
eMac Strawberry.png,"eWorld ƒ/eWorld2000/eMac Strawberry/Icon",-16455,32x32
eMac Tangerine.png,"eWorld ƒ/eWorld2000/eMac Tangerine/Icon",-16455,32x32
eMail-3.png,"eWorld ƒ/eWorld2000/eMail/Icon",-16455,32x32
eMail Center.png,"eWorld ƒ/eWorld2000/eMail Center/Icon",-16455,32x32
eMate 300-2.png,"eWorld ƒ/eWorld2000/eMate 300/Icon",-16455,32x32
eNet Folder.png,"eWorld ƒ/eWorld2000/eNet Folder/Icon",-16455,32x32
eNews.png,"eWorld ƒ/eWorld2000/eNews/Icon",-16455,32x32
ePack.png,"eWorld ƒ/eWorld2000/ePack/Icon",-16455,32x32
ePack (locked).png,"eWorld ƒ/eWorld2000/ePack (locked)/Icon",-16455,32x32
eReader.png,"eWorld ƒ/eWorld2000/eReader/Icon",-16455,32x32
eReader 2.png,"eWorld ƒ/eWorld2000/eReader 2/Icon",-16455,32x32
eShoppers.png,"eWorld ƒ/eWorld2000/eShoppers/Icon",-16455,32x32
eSnapshot.png,"eWorld ƒ/eWorld2000/eSnapshot/Icon",-16455,32x32
eSystem Folder 32.png,"eWorld ƒ/eWorld2000/eSystem Folder 32/Icon",-16455,32x32
eTrash (e).png,"eWorld ƒ/eWorld2000/eTrash (e)/Icon",-16455,32x32
eTrash (f).png,"eWorld ƒ/eWorld2000/eTrash (f)/Icon",-16455,32x32
eWorld Folder.png,"eWorld ƒ/eWorld2000/eWorld Folder/Icon",-16455,32x32
eWorld!.png,"eWorld ƒ/eWorld2000/eWorld!/Icon",-16455,32x32
eWorlders.png,"eWorld ƒ/eWorld2000/eWorlders/Icon",-16455,32x32
AFP server-2.png,"iBook OS/Blueberry/AFP server/Icon",-16455,32x32
Appearance ƒ.png,"iBook OS/Blueberry/Appearance ƒ/Icon",-16455,32x32
Apple Extras ƒ-2.png,"iBook OS/Blueberry/Apple Extras ƒ/Icon",-16455,32x32
Apple Menu-4.png,"iBook OS/Blueberry/Apple Menu/Icon",-16455,32x32
Apple Menu Items ƒ-2.png,"iBook OS/Blueberry/Apple Menu Items ƒ/Icon",-16455,32x32
Application Support ƒ.png,"iBook OS/Blueberry/Application Support ƒ/Icon",-16455,32x32
Applications ƒ.png,"iBook OS/Blueberry/Applications ƒ/Icon",-16455,32x32
Assistants ƒ.png,"iBook OS/Blueberry/Assistants ƒ/Icon",-16455,32x32
Buggy ƒ.png,"iBook OS/Blueberry/Buggy ƒ/Icon",-16455,32x32
CD-ROM-2.png,"iBook OS/Blueberry/CD-ROM/Icon",-16455,32x32
CS Modules ƒ.png,"iBook OS/Blueberry/CS Modules ƒ/Icon",-16455,32x32
Clipboard-5.png,"iBook OS/Blueberry/Clipboard/Icon",-16455,32x32
Clipping (PICT).png,"iBook OS/Blueberry/Clipping (PICT)/Icon",-16455,32x32
Clipping (Sound).png,"iBook OS/Blueberry/Clipping (Sound)/Icon",-16455,32x32
Clipping (Text).png,"iBook OS/Blueberry/Clipping (Text)/Icon",-16455,32x32
Clipping (Unknown).png,"iBook OS/Blueberry/Clipping (Unknown)/Icon",-16455,32x32
Color Synch ƒ.png,"iBook OS/Blueberry/Color Synch ƒ/Icon",-16455,32x32
Contextual Menu ƒ.png,"iBook OS/Blueberry/Contextual Menu ƒ/Icon",-16455,32x32
Control Panels (dis) ƒ.png,"iBook OS/Blueberry/Control Panels (dis) ƒ/Icon",-16455,32x32
Control Panels ƒ-2.png,"iBook OS/Blueberry/Control Panels ƒ/Icon",-16455,32x32
Default Blueberry ƒ.png,"iBook OS/Blueberry/Default Blueberry ƒ/Icon",-16455,32x32
Document-3.png,"iBook OS/Blueberry/Document/Icon",-16455,32x32
Documents ƒ.png,"iBook OS/Blueberry/Documents ƒ/Icon",-16455,32x32
Drop ƒ-2.png,"iBook OS/Blueberry/Drop ƒ/Icon",-16455,32x32
Extensions (dis) ƒ.png,"iBook OS/Blueberry/Extensions (dis) ƒ/Icon",-16455,32x32
Extensions ƒ-3.png,"iBook OS/Blueberry/Extensions ƒ/Icon",-16455,32x32
FTP_IP server.png,"iBook OS/Blueberry/FTP:IP server/Icon",-16455,32x32
Favorites ƒ.png,"iBook OS/Blueberry/Favorites ƒ/Icon",-16455,32x32
File Server-2.png,"iBook OS/Blueberry/File Server/Icon",-16455,32x32
Finder-5.png,"iBook OS/Blueberry/Finder/Icon",-16455,32x32
Floppy Disk.png,"iBook OS/Blueberry/Floppy Disk/Icon",-16455,32x32
Font.png,"iBook OS/Blueberry/Font/Icon",-16455,32x32
Font Suitcase-2.png,"iBook OS/Blueberry/Font Suitcase/Icon",-16455,32x32
Fonts ƒ-2.png,"iBook OS/Blueberry/Fonts ƒ/Icon",-16455,32x32
Hard Disk-2.png,"iBook OS/Blueberry/Hard Disk/Icon",-16455,32x32
Help ƒ.png,"iBook OS/Blueberry/Help ƒ/Icon",-16455,32x32
Iconfactory ƒ-2.png,"iBook OS/Blueberry/Iconfactory ƒ/Icon",-16455,32x32
Icons ƒ-2.png,"iBook OS/Blueberry/Icons ƒ/Icon",-16455,32x32
Internet Search Sites.png,"iBook OS/Blueberry/Internet Search Sites/Icon",-16455,32x32
Internet ƒ-3.png,"iBook OS/Blueberry/Internet ƒ/Icon",-16455,32x32
Lang & Region Support ƒ.png,"iBook OS/Blueberry/Lang & Region Support ƒ/Icon",-16455,32x32
Open ƒ.png,"iBook OS/Blueberry/Open ƒ/Icon",-16455,32x32
Owned ƒ-2.png,"iBook OS/Blueberry/Owned ƒ/Icon",-16455,32x32
Preference File.png,"iBook OS/Blueberry/Preference File/Icon",-16455,32x32
Preferences ƒ.png,"iBook OS/Blueberry/Preferences ƒ/Icon",-16455,32x32
Print Monitor Docs-2.png,"iBook OS/Blueberry/Print Monitor Docs/Icon",-16455,32x32
Private ƒ.png,"iBook OS/Blueberry/Private ƒ/Icon",-16455,32x32
RAM Disk-2.png,"iBook OS/Blueberry/RAM Disk/Icon",-16455,32x32
Read Me ƒ.png,"iBook OS/Blueberry/Read Me ƒ/Icon",-16455,32x32
Recent Apps ƒ.png,"iBook OS/Blueberry/Recent Apps ƒ/Icon",-16455,32x32
Recent Docs ƒ.png,"iBook OS/Blueberry/Recent Docs ƒ/Icon",-16455,32x32
Recent Servers ƒ.png,"iBook OS/Blueberry/Recent Servers ƒ/Icon",-16455,32x32
Removable Media-2.png,"iBook OS/Blueberry/Removable Media/Icon",-16455,32x32
Scripting Additions ƒ.png,"iBook OS/Blueberry/Scripting Additions ƒ/Icon",-16455,32x32
Scripts ƒ.png,"iBook OS/Blueberry/Scripts ƒ/Icon",-16455,32x32
Shutdown (dis) ƒ.png,"iBook OS/Blueberry/Shutdown (dis) ƒ/Icon",-16455,32x32
Shutdown Items ƒ.png,"iBook OS/Blueberry/Shutdown Items ƒ/Icon",-16455,32x32
Sound File-2.png,"iBook OS/Blueberry/Sound File/Icon",-16455,32x32
Startup (dis) ƒ.png,"iBook OS/Blueberry/Startup (dis) ƒ/Icon",-16455,32x32
Startup Items ƒ.png,"iBook OS/Blueberry/Startup Items ƒ/Icon",-16455,32x32
System Extensions (dis).png,"iBook OS/Blueberry/System Extensions (dis)/Icon",-16455,32x32
System File-2.png,"iBook OS/Blueberry/System File/Icon",-16455,32x32
System ƒ (Blueberry).png,"iBook OS/Blueberry/System ƒ (Blueberry)/Icon",-16455,32x32
Text Encodings ƒ.png,"iBook OS/Blueberry/Text Encodings ƒ/Icon",-16455,32x32
Trash Empty-8.png,"iBook OS/Blueberry/Trash Empty/Icon",-16455,32x32
Trash Full-8.png,"iBook OS/Blueberry/Trash Full/Icon",-16455,32x32
True Type Font.png,"iBook OS/Blueberry/True Type Font/Icon",-16455,32x32
URL & FTP.png,"iBook OS/Blueberry/URL & FTP/Icon",-16455,32x32
URL (AppleTalk).png,"iBook OS/Blueberry/URL (AppleTalk)/Icon",-16455,32x32
URL (Appleshare).png,"iBook OS/Blueberry/URL (Appleshare)/Icon",-16455,32x32
URL (File).png,"iBook OS/Blueberry/URL (File)/Icon",-16455,32x32
URL (Mail).png,"iBook OS/Blueberry/URL (Mail)/Icon",-16455,32x32
URL (News).png,"iBook OS/Blueberry/URL (News)/Icon",-16455,32x32
URL (http).png,"iBook OS/Blueberry/URL (http)/Icon",-16455,32x32
Utilities ƒ-2.png,"iBook OS/Blueberry/Utilities ƒ/Icon",-16455,32x32
AFP Server-3.png,"iBook OS/Graphite/AFP Server/Icon",-16455,32x32
Appearance ƒ-2.png,"iBook OS/Graphite/Appearance ƒ/Icon",-16455,32x32
Apple Extras ƒ-3.png,"iBook OS/Graphite/Apple Extras ƒ/Icon",-16455,32x32
Apple Menu-5.png,"iBook OS/Graphite/Apple Menu/Icon",-16455,32x32
Apple Menu Items ƒ-3.png,"iBook OS/Graphite/Apple Menu Items ƒ/Icon",-16455,32x32
Application Support ƒ-2.png,"iBook OS/Graphite/Application Support ƒ/Icon",-16455,32x32
Applications ƒ-2.png,"iBook OS/Graphite/Applications ƒ/Icon",-16455,32x32
Assistants ƒ-2.png,"iBook OS/Graphite/Assistants ƒ/Icon",-16455,32x32
Buggy ƒ-2.png,"iBook OS/Graphite/Buggy ƒ/Icon",-16455,32x32
CD-ROM-3.png,"iBook OS/Graphite/CD-ROM/Icon",-16455,32x32
CS Modules ƒ-2.png,"iBook OS/Graphite/CS Modules ƒ/Icon",-16455,32x32
Clipboard-6.png,"iBook OS/Graphite/Clipboard/Icon",-16455,32x32
Clipping (PICT)-2.png,"iBook OS/Graphite/Clipping (PICT)/Icon",-16455,32x32
Clipping (Sound)-2.png,"iBook OS/Graphite/Clipping (Sound)/Icon",-16455,32x32
Clipping (Text)-2.png,"iBook OS/Graphite/Clipping (Text)/Icon",-16455,32x32
Clipping (Unknown)-2.png,"iBook OS/Graphite/Clipping (Unknown)/Icon",-16455,32x32
Color Synch ƒ-2.png,"iBook OS/Graphite/Color Synch ƒ/Icon",-16455,32x32
Contextual Menu ƒ-2.png,"iBook OS/Graphite/Contextual Menu ƒ/Icon",-16455,32x32
Control Panels (dis) ƒ-2.png,"iBook OS/Graphite/Control Panels (dis) ƒ/Icon",-16455,32x32
Control Panels ƒ-3.png,"iBook OS/Graphite/Control Panels ƒ/Icon",-16455,32x32
Default Graphite ƒ.png,"iBook OS/Graphite/Default Graphite ƒ/Icon",-16455,32x32
Document-4.png,"iBook OS/Graphite/Document/Icon",-16455,32x32
Documents ƒ-2.png,"iBook OS/Graphite/Documents ƒ/Icon",-16455,32x32
Drop ƒ-3.png,"iBook OS/Graphite/Drop ƒ/Icon",-16455,32x32
Extentions (dis) ƒ.png,"iBook OS/Graphite/Extentions (dis) ƒ/Icon",-16455,32x32
Extentions ƒ.png,"iBook OS/Graphite/Extentions ƒ/Icon",-16455,32x32
FTP_IP Server-2.png,"iBook OS/Graphite/FTP:IP Server/Icon",-16455,32x32
Favorites ƒ-2.png,"iBook OS/Graphite/Favorites ƒ/Icon",-16455,32x32
File Server-3.png,"iBook OS/Graphite/File Server/Icon",-16455,32x32
Finder-6.png,"iBook OS/Graphite/Finder/Icon",-16455,32x32
Floppy Disk-2.png,"iBook OS/Graphite/Floppy Disk/Icon",-16455,32x32
Font-2.png,"iBook OS/Graphite/Font/Icon",-16455,32x32
Font Suitcase-3.png,"iBook OS/Graphite/Font Suitcase/Icon",-16455,32x32
Fonts ƒ-3.png,"iBook OS/Graphite/Fonts ƒ/Icon",-16455,32x32
Hard Disk-3.png,"iBook OS/Graphite/Hard Disk/Icon",-16455,32x32
Help ƒ-2.png,"iBook OS/Graphite/Help ƒ/Icon",-16455,32x32
Iconfactory ƒ-3.png,"iBook OS/Graphite/Iconfactory ƒ/Icon",-16455,32x32
Icons ƒ-3.png,"iBook OS/Graphite/Icons ƒ/Icon",-16455,32x32
Internet Search Sites ƒ.png,"iBook OS/Graphite/Internet Search Sites ƒ/Icon",-16455,32x32
Internet ƒ-4.png,"iBook OS/Graphite/Internet ƒ/Icon",-16455,32x32
Lang and Region Support.png,"iBook OS/Graphite/Lang and Region Support/Icon",-16455,32x32
Open ƒ-2.png,"iBook OS/Graphite/Open ƒ/Icon",-16455,32x32
Owned ƒ-3.png,"iBook OS/Graphite/Owned ƒ/Icon",-16455,32x32
Preference File-2.png,"iBook OS/Graphite/Preference File/Icon",-16455,32x32
Preferences ƒ-2.png,"iBook OS/Graphite/Preferences ƒ/Icon",-16455,32x32
Print Monitor Docs-3.png,"iBook OS/Graphite/Print Monitor Docs/Icon",-16455,32x32
Private ƒ-2.png,"iBook OS/Graphite/Private ƒ/Icon",-16455,32x32
RAM Disk-3.png,"iBook OS/Graphite/RAM Disk/Icon",-16455,32x32
Read Me ƒ-2.png,"iBook OS/Graphite/Read Me ƒ/Icon",-16455,32x32
Recent Apps ƒ-2.png,"iBook OS/Graphite/Recent Apps ƒ/Icon",-16455,32x32
Recent Docs ƒ-2.png,"iBook OS/Graphite/Recent Docs ƒ/Icon",-16455,32x32
Recent Servers ƒ-2.png,"iBook OS/Graphite/Recent Servers ƒ/Icon",-16455,32x32
Removable Media-3.png,"iBook OS/Graphite/Removable Media/Icon",-16455,32x32
Scripting Additions ƒ-2.png,"iBook OS/Graphite/Scripting Additions ƒ/Icon",-16455,32x32
Scripts ƒ-2.png,"iBook OS/Graphite/Scripts ƒ/Icon",-16455,32x32
Shutdown (dis) ƒ-2.png,"iBook OS/Graphite/Shutdown (dis) ƒ/Icon",-16455,32x32
Shutdown Items ƒ-2.png,"iBook OS/Graphite/Shutdown Items ƒ/Icon",-16455,32x32
Sound File-3.png,"iBook OS/Graphite/Sound File/Icon",-16455,32x32
Startup (dis) ƒ-2.png,"iBook OS/Graphite/Startup (dis) ƒ/Icon",-16455,32x32
Startup Items ƒ-2.png,"iBook OS/Graphite/Startup Items ƒ/Icon",-16455,32x32
System Extensions (dis)-2.png,"iBook OS/Graphite/System Extensions (dis)/Icon",-16455,32x32
System File-3.png,"iBook OS/Graphite/System File/Icon",-16455,32x32
System ƒ (Graphite).png,"iBook OS/Graphite/System ƒ (Graphite)/Icon",-16455,32x32
Text Encodings ƒ-2.png,"iBook OS/Graphite/Text Encodings ƒ/Icon",-16455,32x32
Trash Empty-9.png,"iBook OS/Graphite/Trash Empty/Icon",-16455,32x32
Trash Full-9.png,"iBook OS/Graphite/Trash Full/Icon",-16455,32x32
True Type Font-2.png,"iBook OS/Graphite/True Type Font/Icon",-16455,32x32
URL & FTP-2.png,"iBook OS/Graphite/URL & FTP/Icon",-16455,32x32
URL (AppleTalk)-2.png,"iBook OS/Graphite/URL (AppleTalk)/Icon",-16455,32x32
URL (Appleshare)-2.png,"iBook OS/Graphite/URL (Appleshare)/Icon",-16455,32x32
URL (File)-2.png,"iBook OS/Graphite/URL (File)/Icon",-16455,32x32
URL (Mail)-2.png,"iBook OS/Graphite/URL (Mail)/Icon",-16455,32x32
URL (News)-2.png,"iBook OS/Graphite/URL (News)/Icon",-16455,32x32
URL (http)-2.png,"iBook OS/Graphite/URL (http)/Icon",-16455,32x32
Utilities ƒ-3.png,"iBook OS/Graphite/Utilities ƒ/Icon",-16455,32x32
AFP server-4.png,"iBook OS/Tangerine/AFP server/Icon",-16455,32x32
Appearance ƒ-3.png,"iBook OS/Tangerine/Appearance ƒ/Icon",-16455,32x32
Apple Extras ƒ-4.png,"iBook OS/Tangerine/Apple Extras ƒ/Icon",-16455,32x32
Apple Menu-6.png,"iBook OS/Tangerine/Apple Menu/Icon",-16455,32x32
Apple Menu Items ƒ-4.png,"iBook OS/Tangerine/Apple Menu Items ƒ/Icon",-16455,32x32
Application Support ƒ-3.png,"iBook OS/Tangerine/Application Support ƒ/Icon",-16455,32x32
Applications ƒ-3.png,"iBook OS/Tangerine/Applications ƒ/Icon",-16455,32x32
Assistants ƒ-3.png,"iBook OS/Tangerine/Assistants ƒ/Icon",-16455,32x32
Buggy ƒ-3.png,"iBook OS/Tangerine/Buggy ƒ/Icon",-16455,32x32
CD-ROM-4.png,"iBook OS/Tangerine/CD-ROM/Icon",-16455,32x32
CS Modules ƒ-3.png,"iBook OS/Tangerine/CS Modules ƒ/Icon",-16455,32x32
Clipboard-7.png,"iBook OS/Tangerine/Clipboard/Icon",-16455,32x32
Clipping (PICT)-3.png,"iBook OS/Tangerine/Clipping (PICT)/Icon",-16455,32x32
Clipping (Sound)-3.png,"iBook OS/Tangerine/Clipping (Sound)/Icon",-16455,32x32
Clipping (Text)-3.png,"iBook OS/Tangerine/Clipping (Text)/Icon",-16455,32x32
Clipping (Unknown)-3.png,"iBook OS/Tangerine/Clipping (Unknown)/Icon",-16455,32x32
Color Synch ƒ-3.png,"iBook OS/Tangerine/Color Synch ƒ/Icon",-16455,32x32
Contextual Menu ƒ-3.png,"iBook OS/Tangerine/Contextual Menu ƒ/Icon",-16455,32x32
Control Panels (dis) ƒ-3.png,"iBook OS/Tangerine/Control Panels (dis) ƒ/Icon",-16455,32x32
Control Panels ƒ-4.png,"iBook OS/Tangerine/Control Panels ƒ/Icon",-16455,32x32
Default Tangerine ƒ.png,"iBook OS/Tangerine/Default Tangerine ƒ/Icon",-16455,32x32
Document-5.png,"iBook OS/Tangerine/Document/Icon",-16455,32x32
Documents ƒ-3.png,"iBook OS/Tangerine/Documents ƒ/Icon",-16455,32x32
Drop ƒ-4.png,"iBook OS/Tangerine/Drop ƒ/Icon",-16455,32x32
Extensions (dis) ƒ-2.png,"iBook OS/Tangerine/Extensions (dis) ƒ/Icon",-16455,32x32
Extensions ƒ-4.png,"iBook OS/Tangerine/Extensions ƒ/Icon",-16455,32x32
FTP_IP server-3.png,"iBook OS/Tangerine/FTP:IP server/Icon",-16455,32x32
Favorites ƒ-3.png,"iBook OS/Tangerine/Favorites ƒ/Icon",-16455,32x32
File Server-4.png,"iBook OS/Tangerine/File Server/Icon",-16455,32x32
Finder-7.png,"iBook OS/Tangerine/Finder/Icon",-16455,32x32
Floppy Disk-3.png,"iBook OS/Tangerine/Floppy Disk/Icon",-16455,32x32
Font-3.png,"iBook OS/Tangerine/Font/Icon",-16455,32x32
Font Suitcase-4.png,"iBook OS/Tangerine/Font Suitcase/Icon",-16455,32x32
Fonts ƒ-4.png,"iBook OS/Tangerine/Fonts ƒ/Icon",-16455,32x32
Hard Disk-4.png,"iBook OS/Tangerine/Hard Disk/Icon",-16455,32x32
Help ƒ-3.png,"iBook OS/Tangerine/Help ƒ/Icon",-16455,32x32
Iconfactory ƒ-4.png,"iBook OS/Tangerine/Iconfactory ƒ/Icon",-16455,32x32
Icons ƒ-4.png,"iBook OS/Tangerine/Icons ƒ/Icon",-16455,32x32
Internet Search Sites-2.png,"iBook OS/Tangerine/Internet Search Sites/Icon",-16455,32x32
Internet ƒ-5.png,"iBook OS/Tangerine/Internet ƒ/Icon",-16455,32x32
Lang & Region Support ƒ-2.png,"iBook OS/Tangerine/Lang & Region Support ƒ/Icon",-16455,32x32
Open ƒ-3.png,"iBook OS/Tangerine/Open ƒ/Icon",-16455,32x32
Owned ƒ-4.png,"iBook OS/Tangerine/Owned ƒ/Icon",-16455,32x32
Preference File-3.png,"iBook OS/Tangerine/Preference File/Icon",-16455,32x32
Preferences ƒ-3.png,"iBook OS/Tangerine/Preferences ƒ/Icon",-16455,32x32
Print Monitor Docs-4.png,"iBook OS/Tangerine/Print Monitor Docs/Icon",-16455,32x32
Private ƒ-3.png,"iBook OS/Tangerine/Private ƒ/Icon",-16455,32x32
RAM Disk-4.png,"iBook OS/Tangerine/RAM Disk/Icon",-16455,32x32
Read Me ƒ-3.png,"iBook OS/Tangerine/Read Me ƒ/Icon",-16455,32x32
Recent Apps ƒ-3.png,"iBook OS/Tangerine/Recent Apps ƒ/Icon",-16455,32x32
Recent Docs ƒ-3.png,"iBook OS/Tangerine/Recent Docs ƒ/Icon",-16455,32x32
Recent Servers ƒ-3.png,"iBook OS/Tangerine/Recent Servers ƒ/Icon",-16455,32x32
Removable Media-4.png,"iBook OS/Tangerine/Removable Media/Icon",-16455,32x32
Scripting Additions ƒ-3.png,"iBook OS/Tangerine/Scripting Additions ƒ/Icon",-16455,32x32
Scripts ƒ-3.png,"iBook OS/Tangerine/Scripts ƒ/Icon",-16455,32x32
Shutdown (dis) ƒ-3.png,"iBook OS/Tangerine/Shutdown (dis) ƒ/Icon",-16455,32x32
Shutdown Items ƒ-3.png,"iBook OS/Tangerine/Shutdown Items ƒ/Icon",-16455,32x32
Sound File-4.png,"iBook OS/Tangerine/Sound File/Icon",-16455,32x32
Startup (dis) ƒ-3.png,"iBook OS/Tangerine/Startup (dis) ƒ/Icon",-16455,32x32
Startup Items ƒ-3.png,"iBook OS/Tangerine/Startup Items ƒ/Icon",-16455,32x32
System Extensions (dis)-3.png,"iBook OS/Tangerine/System Extensions (dis)/Icon",-16455,32x32
System File-4.png,"iBook OS/Tangerine/System File/Icon",-16455,32x32
System ƒ (Tangerine).png,"iBook OS/Tangerine/System ƒ (Tangerine)/Icon",-16455,32x32
Text Encodings ƒ-3.png,"iBook OS/Tangerine/Text Encodings ƒ/Icon",-16455,32x32
Trash Empty-10.png,"iBook OS/Tangerine/Trash Empty/Icon",-16455,32x32
Trash Full-10.png,"iBook OS/Tangerine/Trash Full/Icon",-16455,32x32
True Type Font-3.png,"iBook OS/Tangerine/True Type Font/Icon",-16455,32x32
URL & FTP-3.png,"iBook OS/Tangerine/URL & FTP/Icon",-16455,32x32
URL (AppleTalk)-3.png,"iBook OS/Tangerine/URL (AppleTalk)/Icon",-16455,32x32
URL (Appleshare)-3.png,"iBook OS/Tangerine/URL (Appleshare)/Icon",-16455,32x32
URL (File)-3.png,"iBook OS/Tangerine/URL (File)/Icon",-16455,32x32
URL (Mail)-3.png,"iBook OS/Tangerine/URL (Mail)/Icon",-16455,32x32
URL (News)-3.png,"iBook OS/Tangerine/URL (News)/Icon",-16455,32x32
URL (http)-3.png,"iBook OS/Tangerine/URL (http)/Icon",-16455,32x32
Utilites ƒ-2.png,"iBook OS/Tangerine/Utilites ƒ/Icon",-16455,32x32
Alt.png,"iMac OS/Alt/Icon",-16455,32x32
Alt Color Games ƒ.png,"iMac OS/Alt Color Games ƒ/Icon",-16455,32x32
Alt Games ƒ.png,"iMac OS/Alt Games ƒ/Icon",-16455,32x32
Alt Locked 2 ƒ.png,"iMac OS/Alt Locked 2 ƒ/Icon",-16455,32x32
Alt Locked ƒ.png,"iMac OS/Alt Locked ƒ/Icon",-16455,32x32
Apple Menu Items ƒ-5.png,"iMac OS/Apple Menu Items ƒ/Icon",-16455,32x32
Applescript.png,"iMac OS/Applescript/Icon",-16455,32x32
Applications ƒ-4.png,"iMac OS/Applications ƒ/Icon",-16455,32x32
Att.png,"iMac OS/Att/Icon",-16455,32x32
Attention (d) ƒ.png,"iMac OS/Attention (d) ƒ/Icon",-16455,32x32
Attention ƒ.png,"iMac OS/Attention ƒ/Icon",-16455,32x32
Audio ƒ.png,"iMac OS/Audio ƒ/Icon",-16455,32x32
Blank ƒ-2.png,"iMac OS/Blank ƒ/Icon",-16455,32x32
Color Games ƒ.png,"iMac OS/Color Games ƒ/Icon",-16455,32x32
Color Sharing ƒ.png,"iMac OS/Color Sharing ƒ/Icon",-16455,32x32
Color System ƒ.png,"iMac OS/Color System ƒ/Icon",-16455,32x32
Control Panels ƒ-5.png,"iMac OS/Control Panels ƒ/Icon",-16455,32x32
Control Strip ƒ-2.png,"iMac OS/Control Strip ƒ/Icon",-16455,32x32
DA's ƒ.png,"iMac OS/DA's ƒ/Icon",-16455,32x32
Dis.png,"iMac OS/Dis/Icon",-16455,32x32
Dis 2.png,"iMac OS/Dis 2/Icon",-16455,32x32
Dis 3.png,"iMac OS/Dis 3/Icon",-16455,32x32
Dis 4.png,"iMac OS/Dis 4/Icon",-16455,32x32
Dis 5.png,"iMac OS/Dis 5/Icon",-16455,32x32
Dis. Cont.Pan.png,"iMac OS/Dis. Cont.Pan/Icon",-16455,32x32
Dis. Ext.png,"iMac OS/Dis. Ext/Icon",-16455,32x32
Extensions ƒ-5.png,"iMac OS/Extensions ƒ/Icon",-16455,32x32
Files ƒ.png,"iMac OS/Files ƒ/Icon",-16455,32x32
Financial ƒ.png,"iMac OS/Financial ƒ/Icon",-16455,32x32
Fonts ƒ-5.png,"iMac OS/Fonts ƒ/Icon",-16455,32x32
Games ƒ-4.png,"iMac OS/Games ƒ/Icon",-16455,32x32
Global ƒ.png,"iMac OS/Global ƒ/Icon",-16455,32x32
Graphing ƒ.png,"iMac OS/Graphing ƒ/Icon",-16455,32x32
Iconfactory ƒ-5.png,"iMac OS/Iconfactory ƒ/Icon",-16455,32x32
Icons ƒ-5.png,"iMac OS/Icons ƒ/Icon",-16455,32x32
Important ƒ.png,"iMac OS/Important ƒ/Icon",-16455,32x32
In ƒ.png,"iMac OS/In ƒ/Icon",-16455,32x32
Internet ƒ-6.png,"iMac OS/Internet ƒ/Icon",-16455,32x32
Locked ƒ-2.png,"iMac OS/Locked ƒ/Icon",-16455,32x32
Out ƒ.png,"iMac OS/Out ƒ/Icon",-16455,32x32
Paint Files ƒ.png,"iMac OS/Paint Files ƒ/Icon",-16455,32x32
Picture Clipping-3.png,"iMac OS/Picture Clipping/Icon",-16455,32x32
Prefs ƒ-2.png,"iMac OS/Prefs ƒ/Icon",-16455,32x32
Previous Sys.png,"iMac OS/Previous Sys/Icon",-16455,32x32
QT Movies ƒ.png,"iMac OS/QT Movies ƒ/Icon",-16455,32x32
Scrapbook File-2.png,"iMac OS/Scrapbook File/Icon",-16455,32x32
Sharing ƒ-2.png,"iMac OS/Sharing ƒ/Icon",-16455,32x32
Sounds ƒ-2.png,"iMac OS/Sounds ƒ/Icon",-16455,32x32
Start-up?.png,"iMac OS/Start-up?/Icon",-16455,32x32
System 2 ƒ.png,"iMac OS/System 2 ƒ/Icon",-16455,32x32
System ƒ-5.png,"iMac OS/System ƒ/Icon",-16455,32x32
Text Clipping-3.png,"iMac OS/Text Clipping/Icon",-16455,32x32
Unlocked 2 ƒ.png,"iMac OS/Unlocked 2 ƒ/Icon",-16455,32x32
Unlocked ƒ.png,"iMac OS/Unlocked ƒ/Icon",-16455,32x32
Updates ƒ.png,"iMac OS/Updates ƒ/Icon",-16455,32x32
Utilities ƒ-4.png,"iMac OS/Utilities ƒ/Icon",-16455,32x32
Word Files ƒ.png,"iMac OS/Word Files ƒ/Icon",-16455,32x32
iDrive.png,"iMac OS/iDrive/Icon",-16455,32x32
iFile.png,"iMac OS/iFile/Icon",-16455,32x32
iMacman.png,"iMac OS/iMacman/Icon",-16455,32x32
iServer.png,"iMac OS/iServer/Icon",-16455,32x32
iTrash.png,"iMac OS/iTrash/Icon",-16455,32x32
iTrash Full.png,"iMac OS/iTrash Full/Icon",-16455,32x32
00 Folder.png,"if-evangelion/00 Folder/Icon",-16455,32x32
00a Folder.png,"if-evangelion/00a Folder/Icon",-16455,32x32
01 Folder.png,"if-evangelion/01 Folder/Icon",-16455,32x32
02 Folder.png,"if-evangelion/02 Folder/Icon",-16455,32x32
03 Folder.png,"if-evangelion/03 Folder/Icon",-16455,32x32
04 Folder.png,"if-evangelion/04 Folder/Icon",-16455,32x32
05 Folder.png,"if-evangelion/05 Folder/Icon",-16455,32x32
11th Angel LELIEL.png,"if-evangelion/11th Angel LELIEL/Icon",-16455,32x32
3rd Angel SASCHIEL.png,"if-evangelion/3rd Angel SASCHIEL/Icon",-16455,32x32
5th Angel RAMIEL.png,"if-evangelion/5th Angel RAMIEL/Icon",-16455,32x32
Asuka Langley Sohryu.png,"if-evangelion/Asuka Langley Sohryu/Icon",-16455,32x32
Auska.png,"if-evangelion/Auska/Icon",-16455,32x32
Eva Unit 00.png,"if-evangelion/Eva Unit 00/Icon",-16455,32x32
Eva Unit 01.png,"if-evangelion/Eva Unit 01/Icon",-16455,32x32
Eva Unit 02.png,"if-evangelion/Eva Unit 02/Icon",-16455,32x32
Gendou Ikari.png,"if-evangelion/Gendou Ikari/Icon",-16455,32x32
Hikari Horaki.png,"if-evangelion/Hikari Horaki/Icon",-16455,32x32
Kaoru Nagisa.png,"if-evangelion/Kaoru Nagisa/Icon",-16455,32x32
Kensuke Aida.png,"if-evangelion/Kensuke Aida/Icon",-16455,32x32
Kouzou Fuyutski.png,"if-evangelion/Kouzou Fuyutski/Icon",-16455,32x32
Makoto Hyuga.png,"if-evangelion/Makoto Hyuga/Icon",-16455,32x32
Maya Ibuki.png,"if-evangelion/Maya Ibuki/Icon",-16455,32x32
Misato Katsuragi.png,"if-evangelion/Misato Katsuragi/Icon",-16455,32x32
NERV.png,"if-evangelion/NERV/Icon",-16455,32x32
Naoko Akagi.png,"if-evangelion/Naoko Akagi/Icon",-16455,32x32
Pen Pen.png,"if-evangelion/Pen Pen/Icon",-16455,32x32
Rei.png,"if-evangelion/Rei/Icon",-16455,32x32
Rei Ayanami.png,"if-evangelion/Rei Ayanami/Icon",-16455,32x32
Ritsuko Akagi.png,"if-evangelion/Ritsuko Akagi/Icon",-16455,32x32
Ryouji Kaji.png,"if-evangelion/Ryouji Kaji/Icon",-16455,32x32
Shigeru Aoba.png,"if-evangelion/Shigeru Aoba/Icon",-16455,32x32
Shinji Ikari.png,"if-evangelion/Shinji Ikari/Icon",-16455,32x32
Touji Suzuhara.png,"if-evangelion/Touji Suzuhara/Icon",-16455,32x32
Yui Ikari.png,"if-evangelion/Yui Ikari/Icon",-16455,32x32
